Unit Reference,SF Unit id,Unit Description,Event,Action Date,Event Date,Status,Attention Of,Unit Tenure,Unit Type,Unit Status,Include/Exclude,Multiple Rent Review Diary,Comment
103065001,a1G4J0000025tUxUAI,,Rent Review,2025-09-07,2026-01-07,Pending,SR1,Regulated,Mid Terrace,Tenanted,Include,No,
103066001,a1G4J0000025tTuUAI,,Rent Review,2026-03-15,2026-07-15,Pending,SR1,Regulated,Mid Terrace,Tenanted,Include,No,
103070001,a1G4J0000025tTzUAI,,Rent Review,2027-03-24,2027-07-24,Pending,SR1,Regulated,Mid Terrace,Tenanted,Include,No,
103071001,a1G4J0000025tU9UAI,,Rent Review,2026-05-21,2026-09-21,Pending,SR1,Regulated,Mid Terrace,Tenanted,Include,No,
103075001,a1G4J0000025tVMUAY,,Rent Review,2026-06-12,2026-10-12,Pending,SR1,Regulated,Mid Terrace,Tenanted,Include,No,
103078001,a1G4J0000025tUnUAI,,Rent Review,2025-08-11,2025-12-11,Pending,SR1,Regulated,Mid Terrace,Tenanted,Include,No,
103082002,a1G4J0000025tUYUAY,,Rent Review,2026-06-08,2026-10-08,Pending,SR1,Regulated,Flat PB,Tenanted,Include,No,
103086001,a1G4J0000025tX3UAI,,Rent Review,2026-03-01,2026-06-01,Pending,SW4,Regulated,Flat PB,Tenanted,Include,No,
103086014,a1G4J0000025tYVUAY,,Rent Review,2026-03-01,2026-06-01,Pending,SW4,Regulated,Flat PB,Tenanted,Include,No,
103087002,a1G4J0000025tV2UAI,,Rent Review,2026-07-09,2026-11-09,Pending,HP3,Regulated,Flat Conv.,Tenanted,Include,No,
103091002,a1G4J0000025tSyUAI,,Rent Review,2025-10-26,2026-02-26,Pending,SR1,Regulated,Flat PB,Tenanted,Include,No,
103094001,a1G4J0000025tUJUAY,,Rent Review,2026-05-03,2026-09-03,Pending,SR1,Regulated,Flat PB,Tenanted,Include,No,
103100001,a1G4J0000025tUUUAY,,Rent Review,2026-12-20,2027-04-20,Pending,SW4,Regulated,Flat Conv.,Tenanted,Include,No,
103100003,a1G4J0000025tXXUAY,,Rent Review,2025-07-05,2025-11-05,Active,HP3,Regulated,Flat Conv.,Tenanted,Include,No,
103113001,a1G4J0000025tZOUAY,,Rent Review,2025-12-06,2026-04-06,Pending,SR1,Regulated,Mid Terrace,Tenanted,Include,No,
103117001,a1G4J0000025tZTUAY,,Rent Review,2026-12-09,2027-03-09,Pending,SR1,Regulated,Mid Terrace,Tenanted,Include,No,
103121001,a1G4J0000025tWeUAI,,Rent Review,2026-07-17,2026-11-17,Pending,SR1,Regulated,Mid Terrace,Tenanted,Include,No,
103154001,a1G4J0000025taMUAQ,,Rent Review,2025-07-16,2025-11-16,Active,SR1,Regulated,Mid Terrace,Tenanted,Include,No,
103155001,a1G4J0000025tWpUAI,,Rent Review,2026-04-14,2026-08-14,Pending,SR1,Regulated,Mid Terrace,Tenanted,Include,No,
103156001,a1G4J0000025talUAA,,Rent Review,2025-10-05,2026-02-05,Active,SR1,Regulated,Mid Terrace,Tenanted,Include,No,
103157001,a1G4J0000025taWUAQ,,Rent Review,2025-09-06,2026-01-06,Active,SR1,Regulated,Mid Terrace,Tenanted,Include,No,
103158001,a1G4J0000025tXZUAY,,Rent Review,2026-04-23,2026-08-23,Pending,SR1,Regulated,Mid Terrace,Tenanted,Include,No,
103161001,a1G4J0000025tacUAA,,Rent Review,2026-03-27,2026-07-27,Pending,SR1,Regulated,Mid Terrace,Tenanted,Include,No,
103163001,a1G4J0000025tcmUAA,,Rent Review,2027-01-22,2027-05-22,Pending,SR1,Regulated,Mid Terrace,Tenanted,Include,No,
103182001,a1G4J0000025tdpUAA,,Rent Review,2026-10-27,2027-02-27,Pending,SR1,Regulated,S/D House,Tenanted,Include,No,
103340001,a1G4J0000025tdWUAQ,,Rent Review,2025-04-08,2025-08-08,InProgress,PJN,Regulated,Mid Terrace,For Sale,Include,No,
103384001,a1G4J0000025tgyUAA,,Rent Review,2027-03-07,2027-07-07,Pending,SR1,Regulated,Mid Terrace,Tenanted,Include,No,
103390001,a1G4J0000025tY8UAI,,Rent Review,2026-07-20,2026-11-20,Pending,SR1,Regulated,Mid Terrace,Tenanted,Include,No,
103391001,a1G4J0000025thSUAQ,,Rent Review,2027-01-28,2027-05-28,Pending,SR1,Regulated,Mid Terrace,Tenanted,Include,No,
103393002,a1G4J0000025tVdUAI,,Rent Review,2026-07-12,2026-11-12,Pending,SR1,Regulated,Flat PB,Tenanted,Include,No,
103394001,a1G4J0000025tfOUAQ,,Rent Review,2025-12-01,2026-03-01,Pending,SR1,Regulated,Flat PB,Tenanted,Include,No,
103397001,a1G4J0000025tbuUAA,,Rent Review,2026-04-27,2026-08-27,Pending,SR1,Regulated,Flat PB,Tenanted,Include,No,
103398001,a1G4J0000025thwUAA,,Rent Review,2025-03-18,2025-07-18,InProgress,SR1,Regulated,Maisonette,Tenanted,Include,No,
103420001,a1G4J0000025tfmUAA,,Rent Review,2025-06-01,2025-10-01,Active,SR1,Regulated,Mid Terrace,Tenanted,Include,No,
103423001,a1G4J0000025tiLUAQ,,Rent Review,2026-01-09,2026-05-09,Pending,SR1,Regulated,Flat PB,Tenanted,Include,No,
103423002,a1G4J0000025tiQUAQ,,Rent Review,2027-01-22,2027-05-22,Pending,SR1,Regulated,Flat PB,Tenanted,Include,No,
103424004,a1G4J0000025tiaUAA,,Rent Review,2025-05-16,2025-09-16,Active,SR1,Regulated,Flat PB,Potent Vacant,Include,No,
103426002,a1G4J0000025thOUAQ,,Rent Review,2025-06-27,2025-10-27,Active,SR1,Regulated,Flat PB,Tenanted,Include,No,
103429001,a1G4J0000025tUVUAY,,Rent Review,2025-03-23,2025-07-23,InProgress,SR1,Regulated,Flat PB,Tenanted,Include,No,
103432001,a1G4J0000025tikUAA,,Rent Review,2025-12-21,2026-04-21,Pending,SR1,Regulated,Flat PB,Tenanted,Include,No,
103435001,a1G4J0000025tiuUAA,,Rent Review,2025-06-18,2025-10-18,Active,SR1,Regulated,Flat PB,Tenanted,Include,No,
103443001,a1G4J0000025tipUAA,,Rent Review,2026-05-19,2026-09-19,Pending,SW4,Regulated,Maisonette,Tenanted,Include,No,
103444003,a1G4J00000261OAUAY,,Rent Review,2025-06-27,2025-10-27,Active,DS4,Regulated,Flat PB,Tenanted,Include,No,
103444004,a1G4J00000261OKUAY,,Rent Review,2025-06-27,2025-10-27,Active,DS4,Regulated,Flat PB,Tenanted,Include,No,
103445001,a1G4J0000025tfnUAA,,Rent Review,2025-03-25,2025-07-25,InProgress,JB0,Regulated,Flat PB,Tenanted,Include,No,
103445002,a1G4J0000025tUfUAI,,Rent Review,2025-03-25,2025-07-25,InProgress,JB0,Regulated,Flat PB,Tenanted,Include,No,
103448008,a1G4J0000025tU8UAI,,Rent Review,2025-03-02,2025-07-10,InProgress,HP3,Regulated,Flat PB,Solic.Instrct,Include,No,
103460002,a1G4J0000025tjJUAQ,,Rent Review,2025-10-24,2026-02-24,Pending,SR1,Regulated,Flat PB,Tenanted,Include,Yes,
103460002,a1G4J0000025tjJUAQ,,Rent Review,2026-06-23,2026-10-23,Pending,SR1,Regulated,Flat PB,Tenanted,Include,Yes,
103470001,a1G4J0000025thEUAQ,,Rent Review,2025-08-18,2025-12-18,Active,SR1,Regulated,Flat PB,Tenanted,Include,No,
103475001,a1G4J0000025tXjUAI,,Rent Review,2026-01-21,2026-05-21,Pending,SR1,Regulated,Flat PB,Tenanted,Include,No,
103477001,a1G4J0000025tdXUAQ,,Rent Review,2026-09-16,2027-01-16,Pending,SR1,Regulated,Flat PB,Tenanted,Include,No,
103481001,a1G4J0000025tkCUAQ,,Rent Review,2026-08-13,2026-12-13,Pending,DS4,Regulated,Flat PB,Tenanted,Include,No,
103481002,a1G4J0000025teGUAQ,,Rent Review,2026-09-22,2027-01-22,Pending,DS4,Regulated,Flat PB,Tenanted,Include,No,
103491001,a1G4J0000025tkbUAA,,Rent Review,2025-07-23,2025-11-23,Active,SR1,Regulated,Flat PB,Tenanted,Include,No,
103492001,a1G4J0000025tfcUAA,,Rent Review,2026-04-27,2026-08-27,Pending,SR1,Regulated,Flat PB,Tenanted,Include,No,
103494001,a1G4J0000025tVuUAI,,Rent Review,2027-02-13,2027-06-13,Pending,SR1,Regulated,Flat PB,Tenanted,Include,No,
103496001,a1G4J0000025tV9UAI,,Rent Review,2026-06-01,2026-10-01,Pending,SR1,Regulated,Flat Conv.,Tenanted,Include,No,
103498001,a1G4J0000025thdUAA,,Rent Review,2026-12-09,2027-04-09,Pending,SR1,Regulated,Flat Conv.,Tenanted,Include,No,
103499001,a1G4J0000025tmIUAQ,,Rent Review,2026-09-21,2027-01-21,Pending,SR1,Regulated,Flat Conv.,Tenanted,Include,No,
103505002,a1G4J0000025tmcUAA,,Rent Review,2025-05-11,2025-09-11,Active,NDX,Regulated,Flat PB,Tenanted,Include,No,
103505003,a1G4J0000025tbRUAQ,,Rent Review,2027-02-13,2027-06-13,Pending,NDX,Regulated,Flat PB,Tenanted,Include,No,
103505004,a1G4J0000025tksUAA,,Rent Review,2025-11-08,2026-03-08,Pending,NDX,Regulated,Flat PB,Tenanted,Include,No,
103508001,a1G4J0000025tltUAA,,Rent Review,2025-09-30,2026-01-31,Active,SR1,Regulated,Flat PB,Tenanted,Include,No,
103509001,a1G4J0000025tVwUAI,,Rent Review,2025-06-06,2025-10-06,Active,NDX,Regulated,Flat PB,Tenanted,Include,No,
103547001,a1G4J0000025tloUAA,,Rent Review,2026-02-15,2026-06-15,Pending,SR1,Regulated,Maisonette,Tenanted,Include,No,
103554001,a1G4J0000025tleUAA,,Rent Review,2026-01-08,2026-05-08,Pending,SR1,Regulated,Mid Terrace,Tenanted,Include,No,
103558001,a1G4J0000025tmSUAQ,,Rent Review,2026-07-09,2026-11-09,Pending,SR1,Regulated,Flat PB,Tenanted,Include,No,
103558002,a1G4J0000025tjUUAQ,,Rent Review,2026-07-16,2026-11-16,Pending,SR1,Regulated,Flat PB,Tenanted,Include,No,
103562001,a1G4J0000025tmDUAQ,,Rent Review,2026-02-01,2026-06-01,Pending,SR1,Regulated,Maisonette,Tenanted,Include,No,
103562002,a1G4J0000025tmXUAQ,,Rent Review,2026-02-10,2026-06-10,Pending,SR1,Regulated,Flat Conv.,Tenanted,Include,No,
103569001,a1G4J0000025tmrUAA,,Rent Review,2026-09-21,2027-01-21,Pending,SR1,Regulated,Mid Terrace,Tenanted,Include,No,
103576001,a1G4J0000025tn6UAA,,Rent Review,2025-09-12,2026-01-12,Active,SR1,Regulated,Flat PB,Tenanted,Include,No,
103578001,a1G4J0000025te0UAA,,Rent Review,2026-09-18,2027-01-18,Pending,SW4,Regulated,Maisonette,Tenanted,Include,No,
103580001,a1G4J0000025theUAA,,Rent Review,2025-05-18,2025-09-18,Active,HP3,Regulated,Studio,Tenanted,Include,No,
103591001,a1G4J0000025tjuUAA,,Rent Review,2026-06-15,2026-10-15,Pending,SR1,Regulated,Flat PB,Tenanted,Include,No,
103592001,a1G4J0000025tnkUAA,,Rent Review,2025-10-07,2026-02-07,Pending,SR1,Regulated,Mid Terrace,Tenanted,Include,No,
103597001,a1G4J0000025tgzUAA,,Rent Review,2025-09-17,2026-01-17,Pending,AOX,Regulated,Flat Conv.,Tenanted,Include,No,
103603002,a1G4J0000025tfDUAQ,,Rent Review,2026-11-06,2027-03-06,Pending,SW4,Regulated,Flat PB,Tenanted,Include,No,
103605001,a1G4J0000025tnQUAQ,,Rent Review,2026-04-23,2026-08-23,Pending,SR1,Regulated,Flat PB,Tenanted,Include,No,
103616001,a1G4J0000025tnuUAA,,Rent Review,2026-07-13,2026-11-13,Pending,SR1,Regulated,Mid Terrace,Tenanted,Include,No,
103620001,a1G4J0000025ta3UAA,,Rent Review,2026-10-25,2027-02-25,Pending,SR1,Regulated,Flat Conv.,Tenanted,Include,No,
103671001,a1G4J0000025tonUAA,,Rent Review,2025-06-27,2025-10-27,Pending,DS4,Regulated,Flat PB,Tenanted,Include,No,
103673001,a1G4J0000025toxUAA,,Rent Review,2025-08-04,2025-12-04,Pending,SR1,Regulated,S/D House,Tenanted,Include,No,
103699001,a1G4J0000025tnmUAA,,Rent Review,2026-07-04,2026-11-04,Pending,SR1,Regulated,Mid Terrace,Tenanted,Include,No,
103702001,a1G4J0000025tpHUAQ,,Rent Review,2026-02-03,2026-06-03,Pending,SR1,Regulated,Mid Terrace,Tenanted,Include,No,
103705001,a1G4J0000025tpMUAQ,,Rent Review,2026-03-28,2026-07-28,Pending,SR1,Regulated,Mid Terrace,Tenanted,Include,No,
103728001,a1G4J0000025tq5UAA,,Rent Review,2027-03-31,2027-07-31,Pending,SR1,Regulated,Flat Conv.,Tenanted,Include,No,
103745001,a1G4J0000025tXEUAY,,Rent Review,2026-11-13,2027-03-13,Pending,SR1,Regulated,Flat PB,Tenanted,Include,No,
103773017,a1G4J0000025ta4UAA,,Rent Review,2027-03-02,2027-06-02,Pending,SR1,Regulated,Flat PB,Tenanted,Include,No,
103774012,a1G4J0000025tsfUAA,,Rent Review,2026-05-30,2026-09-30,Pending,SR1,Regulated,Flat PB,Tenanted,Include,No,
103778001,a1G4J0000025tqoUAA,,Rent Review,2026-02-22,2026-06-22,Pending,NDX,Regulated,Mid Terrace,Tenanted,Include,No,
103780001,a1G4J0000025tlVUAQ,,Rent Review,2026-12-02,2027-04-02,Pending,SW4,Regulated,Flat Conv.,Tenanted,Include,No,
103783004,a1G4J0000025tfYUAQ,,Rent Review,2025-05-18,2025-09-18,Active,SR1,Regulated,Flat PB,Tenanted,Include,No,
103783005,a1G4J0000025ttEUAQ,,Rent Review,2026-12-02,2027-04-02,Pending,SR1,Regulated,Flat PB,Tenanted,Include,No,
103784003,a1G4J0000025tn8UAA,,Rent Review,2026-10-06,2027-02-06,Pending,SR1,Regulated,Flat PB,Tenanted,Include,No,
103785007,a1G4J0000025tqUUAQ,,Rent Review,2025-05-17,2025-09-17,Active,SR1,Regulated,Flat PB,Tenanted,Include,No,
103786011,a1G4J0000025th0UAA,,Rent Review,2026-11-18,2027-03-18,Pending,SR1,Regulated,Flat PB,Tenanted,Include,No,
103805002,a1G4J0000025tqQUAQ,,Rent Review,2025-09-20,2026-01-20,Active,AOX,Regulated,Flat PB,Tenanted,Include,No,
103807001,a1G4J0000025tsQUAQ,,Rent Review,2026-06-22,2026-10-22,Pending,SW4,Regulated,Flat Conv.,Tenanted,Include,No,
103830001,a1G4J0000025tpdUAA,,Rent Review,2026-10-13,2027-02-13,Pending,SR1,Regulated,Flat PB,Tenanted,Include,No,
103861001,a1G4J0000025ttKUAQ,,Rent Review,2025-12-30,2026-04-30,Pending,SR1,Regulated,Mid Terrace,Tenanted,Include,No,
103862001,a1G4J0000025tUWUAY,,Rent Review,2025-08-12,2025-12-12,Active,SR1,Regulated,Mid Terrace,Tenanted,Include,No,
103864001,a1G4J0000025ttOUAQ,,Rent Review,2025-09-30,2026-01-30,Active,SR1,Regulated,Mid Terrace,Tenanted,Include,No,
104046002,a1G4J0000025tgBUAQ,,Rent Review,2026-06-10,2026-10-10,Pending,AOX,Regulated,Maisonette,Tenanted,Include,No,
104050003,a1G4J0000025u1XUAQ,,Rent Review,2026-04-22,2026-08-22,Pending,SR1,Regulated,Flat PB,Tenanted,Include,No,
104059001,a1G4J0000025toZUAQ,,Rent Review,2026-11-27,2027-03-27,Pending,AOX,Regulated,Maisonette,Tenanted,Include,No,
104060001,a1G4J0000025tkKUAQ,,Rent Review,2025-09-24,2026-01-24,Active,DS4,Regulated,Flat PB,Tenanted,Include,No,
104068001,a1G4J0000025u26UAA,,Rent Review,2026-08-12,2026-12-12,Pending,SR1,Regulated,Flat PB,Tenanted,Include,No,
104079001,a1G4J0000025u2VUAQ,,Rent Review,2026-11-25,2027-03-25,Pending,AOX,Regulated,Flat PB,Tenanted,Include,No,
104090001,a1G4J0000025u3JUAQ,,Rent Review,2025-05-05,2025-09-05,InProgress,AOX,Regulated,Flat PB,Tenanted,Include,No,
104093002,a1G4J0000025toUUAQ,,Rent Review,2025-06-16,2025-10-16,Active,SR1,Regulated,Flat PB,Tenanted,Include,No,
104103001,a1G4J0000025u2uUAA,,Rent Review,2027-01-25,2027-05-25,Pending,AOX,Regulated,Flat PB,Tenanted,Include,No,
104106002,a1G4J0000025u3OUAQ,,Rent Review,2025-05-18,2025-09-18,Active,AOX,Regulated,Flat PB,Tenanted,Include,No,
104111002,a1G4J0000025u3YUAQ,,Rent Review,2025-04-17,2025-08-17,InProgress,AOX,Regulated,Flat PB,Tenanted,Include,No,
104145005,a1G4J0000025tl8UAA,,Rent Review,2025-07-03,2025-11-03,Active,SR1,Regulated,Flat PB,Tenanted,Include,No,
104150001,a1G4J0000025tnEUAQ,,Rent Review,2026-02-04,2026-06-04,Pending,SR1,Regulated,Mid Terrace,Tenanted,Include,No,
104157002,a1G4J0000025twEUAQ,,Rent Review,2026-06-22,2026-10-22,Pending,SR1,Regulated,Flat PB,Tenanted,Include,No,
104159001,a1G4J0000025u2MUAQ,,Rent Review,2027-03-22,2027-07-22,Pending,SR1,Regulated,Mid Terrace,Tenanted,Include,No,
104174013,a1G4J0000025u73UAA,,Rent Review,2026-05-30,2026-09-30,Pending,SW4,Regulated,Flat PB,Tenanted,Include,No,
104177001,a1G4J0000025taXUAQ,,Rent Review,2025-07-29,2025-11-29,Active,HP3,Regulated,Flat PB,Tenanted,Include,No,
104178002,a1G4J0000025u92UAA,,Rent Review,2026-01-03,2026-05-03,Pending,SW4,Regulated,Flat PB,Tenanted,Include,No,
104183001,a1G4J0000025u1fUAA,,Rent Review,2026-02-25,2026-06-25,Pending,SR1,Regulated,Flat PB,Tenanted,Include,No,
104183003,a1G4J0000025u8YUAQ,,Rent Review,2025-12-30,2026-04-30,Pending,SR1,Regulated,Flat PB,Tenanted,Include,No,
104186003,a1G4J0000025twgUAA,,Rent Review,2026-09-30,2027-01-31,Pending,SW4,Regulated,Flat PB,Tenanted,Include,No,
104188001,a1G4J0000025tdFUAQ,,Rent Review,2026-04-25,2026-08-25,Pending,SR1,Regulated,Flat PB,Tenanted,Include,No,
104189003,a1G4J0000025tsvUAA,,Rent Review,2026-07-11,2026-11-11,Pending,SW4,Regulated,Flat PB,Tenanted,Include,No,
104196005,a1G4J0000025u7GUAQ,,Rent Review,2025-04-20,2025-08-20,InProgress,SR1,Regulated,Maisonette,Tenanted,Include,No,
104197002,a1G4J0000025uAKUAY,,Rent Review,2025-05-18,2025-09-18,Active,HP3,Regulated,Maisonette,Tenanted,Include,No,
104199006,a1G4J0000025u8PUAQ,,Rent Review,2025-11-18,2026-03-18,Pending,SR1,Regulated,Flat PB,Tenanted,Include,No,
104200003,a1G4J0000025tmkUAA,,Rent Review,2026-11-05,2027-03-05,Pending,SW4,Regulated,Flat PB,Tenanted,Include,No,
104203041,a1G4J0000025u2bUAA,,Rent Review,2025-08-06,2025-12-06,Active,SR1,Regulated,Flat PB,Tenanted,Include,No,
104215021,a1G4J0000025uAQUAY,,Rent Review,2026-10-07,2027-02-07,Pending,SR1,Regulated,Flat PB,Tenanted,Include,No,
104220001,a1G4J0000025taYUAQ,,Rent Review,2026-11-29,2027-03-29,Pending,SR1,Regulated,Flat PB,Tenanted,Include,No,
104221001,a1G4J0000025u02UAA,,Rent Review,2025-05-02,2025-09-02,InProgress,SR1,Regulated,Maisonette,Tenanted,Include,No,
104224001,a1G4J0000025u61UAA,,Rent Review,2026-07-16,2026-11-16,Pending,SR1,Regulated,Maisonette,Tenanted,Include,No,
104230002,a1G4J0000025tZRUAY,,Rent Review,2025-09-05,2026-01-05,Pending,SR1,Regulated,Flat PB,Tenanted,Include,No,
104231003,a1G4J0000025uBrUAI,,Rent Review,2026-08-20,2026-12-20,Pending,SW4,Regulated,Flat PB,Tenanted,Include,No,
104236001,a1G4J0000025u1gUAA,,Rent Review,2026-10-22,2027-02-22,Pending,SW4,Regulated,Flat PB,Tenanted,Include,No,
104239001,a1G4J0000025u7rUAA,,Rent Review,2025-10-01,2026-02-01,Pending,SR1,Regulated,Mid Terrace,Tenanted,Include,No,
104241001,a1G4J0000025uBIUAY,,Rent Review,2026-07-12,2026-11-12,Pending,SR1,Regulated,Mid Terrace,Tenanted,Include,No,
104250002,a1G4J0000025uE2UAI,,Rent Review,2026-07-11,2026-11-11,Pending,SW4,Regulated,Flat PB,Tenanted,Include,No,
104250003,a1G4J0000025tfEUAQ,,Rent Review,2026-07-11,2026-11-11,Pending,SW4,Regulated,Flat PB,Tenanted,Include,No,
104258019,a1G4J0000025txwUAA,,Rent Review,2026-08-05,2026-12-05,Pending,DG1,Regulated,Flat PB,Tenanted,Include,No,
104267001,a1G4J0000025tXtUAI,,Rent Review,2025-08-03,2025-12-03,Active,SR1,Regulated,Mid Terrace,Tenanted,Include,No,
104285001,a1G4J0000025tghUAA,,Rent Review,2026-04-20,2026-08-20,Pending,SR1,Regulated,Flat PB,Tenanted,Include,No,
104296001,a1G4J0000025tXfUAI,,Rent Review,2025-12-12,2026-04-12,Pending,SR1,Regulated,End Terrace,Tenanted,Include,No,
104311002,a1G4J0000025uEbUAI,,Rent Review,2026-04-20,2026-08-20,Pending,AOX,Regulated,Flat PB,Tenanted,Include,No,
104328001,a1G4J0000025uEWUAY,,Rent Review,2026-09-21,2027-01-21,Pending,SR1,Regulated,Flat PB,Tenanted,Include,No,
104333001,a1G4J0000025u8CUAQ,,Rent Review,2026-02-03,2026-06-03,Pending,SR1,Regulated,Mid Terrace,Tenanted,Include,No,
104344006,a1G4J0000025uEqUAI,,Rent Review,2026-01-16,2026-05-16,Pending,SR1,Regulated,Flat PB,Tenanted,Include,No,
104363001,a1G4J0000025tttUAA,,Rent Review,2025-12-03,2026-04-03,Pending,AOX,Regulated,Flat PB,Tenanted,Include,No,
104498001,a1G4J0000025uKUUAY,,Rent Review,2026-11-18,2027-03-18,Pending,SR1,Regulated,Flat PB,Tenanted,Include,No,
104520002,a1G4J0000025uCTUAY,,Rent Review,2026-08-23,2026-12-23,Pending,SR1,Regulated,Flat PB,Tenanted,Include,No,
104521001,a1G4J0000025uKpUAI,,Rent Review,2026-06-27,2026-10-27,Pending,SR1,Regulated,Mid Terrace,Tenanted,Include,No,
104577001,a1G4J0000025uL9UAI,,Rent Review,2027-02-16,2027-06-16,Pending,SR1,Regulated,Mid Terrace,Tenanted,Include,No,
104584005,a1G4J0000025uGEUAY,,Rent Review,2027-02-02,2027-06-02,Pending,SW4,Regulated,Flat PB,Tenanted,Include,No,
104586001,a1G4J0000025uB1UAI,,Rent Review,2027-01-31,2027-05-31,Pending,SW4,Regulated,Maisonette,Tenanted,Include,No,
104597001,a1G4J0000025uMkUAI,,Rent Review,2027-02-21,2027-06-21,Pending,SR1,Regulated,Mid Terrace,Tenanted,Include,No,
104626001,a1G4J0000025u08UAA,,Rent Review,2025-09-16,2026-01-16,Pending,SR1,Regulated,Flat PB,Tenanted,Include,No,
104651001,a1G4J0000025tekUAA,,Rent Review,2026-06-14,2026-10-14,Pending,SR1,Regulated,Flat PB,Tenanted,Include,No,
104661001,a1G4J0000025uN4UAI,,Rent Review,2026-04-25,2026-08-25,Pending,SR1,Regulated,Flat PB,Tenanted,Include,No,
104661002,a1G4J0000025uACUAY,,Rent Review,2026-07-26,2026-11-26,Pending,SR1,Regulated,Maisonette,Tenanted,Include,No,
104665001,a1G4J0000025uKBUAY,,Rent Review,2025-05-11,2025-09-11,InProgress,DS4,Regulated,Flat PB,Tenanted,Include,No,
104676001,a1G4J0000025uO2UAI,,Rent Review,2026-09-11,2027-01-11,Pending,SR1,Regulated,S/D House,Tenanted,Include,No,
104682001,a1G4J0000025uMWUAY,,Rent Review,2025-05-18,2025-09-18,Active,SR1,Regulated,Mid Terrace,Tenanted,Include,No,
104688001,a1G4J0000025uH2UAI,,Rent Review,2026-11-28,2027-03-28,Pending,SR1,Regulated,Flat PB,Tenanted,Include,No,
104688003,a1G4J0000025uO7UAI,,Rent Review,2025-09-16,2026-01-16,Pending,SR1,Regulated,Flat PB,Tenanted,Include,No,
104696005,a1G4J0000025tWRUAY,,Rent Review,2026-08-03,2026-12-03,Pending,SW4,Regulated,Flat PB,Tenanted,Include,No,
104703002,a1G4J0000025uOMUAY,,Rent Review,2027-02-21,2027-06-21,Pending,SR1,Regulated,Flat PB,Tenanted,Include,No,
104708003,a1G4J0000025u5WUAQ,,Rent Review,2026-07-10,2026-11-10,Pending,SR1,Regulated,Flat PB,Tenanted,Include,No,
104708004,a1G4J0000025uOWUAY,,Rent Review,2025-09-08,2026-01-08,Active,SR1,Regulated,Flat PB,Tenanted,Include,No,
104709013,a1G4J0000025tzdUAA,,Rent Review,2025-06-30,2025-10-30,Pending,SR1,Regulated,Flat PB,Tenanted,Include,No,
104709018,a1G4J0000025uP0UAI,,Rent Review,2025-05-11,2025-09-11,InProgress,SR1,Regulated,Flat PB,Tenanted,Include,No,
104786002,a1G4J0000025uPKUAY,,Rent Review,2026-06-01,2026-10-01,Pending,AOX,Regulated,Flat PB,Tenanted,Include,No,
104802001,a1G4J0000025uP5UAI,,Rent Review,2025-06-10,2025-10-10,Active,SR1,Regulated,Mid Terrace,Tenanted,Include,No,
104803001,a1G4J0000025tTyUAI,,Rent Review,2025-07-23,2025-11-23,Active,SR1,Regulated,Mid Terrace,Tenanted,Include,No,
104808001,a1G4J0000025ttwUAA,,Rent Review,2025-06-20,2025-10-20,Active,AOX,Regulated,Flat PB,Tenanted,Include,No,
104918001,a1G4J0000025tw7UAA,,Rent Review,2027-02-13,2027-06-13,Pending,SR1,Regulated,Mid Terrace,Tenanted,Include,No,
105029001,a1G4J0000025uSxUAI,,Rent Review,2025-11-19,2026-03-19,Pending,SR1,Regulated,Flat PB,Tenanted,Include,No,
105220001,a1G4J0000025uUAUAY,,Rent Review,2026-12-09,2027-03-09,Pending,SR1,Regulated,Det House,Tenanted,Include,No,
105434001,a1G4J0000025uVnUAI,,Rent Review,2026-09-11,2027-01-11,Pending,SR1,Regulated,Det House,Tenanted,Include,No,
105462001,a1G4J0000025uLPUAY,,Rent Review,2026-12-10,2027-04-10,Pending,RTX,Regulated,S/D House,Tenanted,Include,No,
105817001,a1G4J0000025tnYUAQ,,Rent Review,2027-01-02,2027-05-02,Pending,RTX,Regulated,DetBungalow,Tenanted,Include,No,
105822001,a1G4J0000025u0qUAA,,Rent Review,2027-02-05,2027-06-05,Pending,RTX,Regulated,S/D House,Tenanted,Include,No,
105823001,a1G4J0000025uFsUAI,,Rent Review,2026-12-10,2027-04-10,Pending,RTX,Regulated,S/D House,Tenanted,Include,No,
105824001,a1G4J0000025uB4UAI,,Rent Review,2026-12-10,2027-04-10,Pending,RTX,Regulated,S/D House,Tenanted,Include,No,
105827001,a1G4J0000025tztUAA,,Rent Review,2026-07-16,2026-10-16,Pending,RTX,Regulated,End Terrace,Tenanted,Include,No,
105828001,a1G4J0000025uXjUAI,,Rent Review,2026-06-15,2026-10-15,Pending,RTX,Regulated,Det House,Tenanted,Include,No,
105832001,a1G4J0000025uZFUAY,,Rent Review,2026-11-27,2027-03-27,Pending,RTX,Regulated,Det House,Tenanted,Include,No,
105833001,a1G4J0000025uZZUAY,,Rent Review,2026-12-05,2027-04-05,Pending,RTX,Regulated,Mid Terrace,Tenanted,Include,No,
105846001,a1G4J0000025uZ0UAI,,Rent Review,2026-06-05,2026-10-05,Pending,RTX,Regulated,Flat PB,Tenanted,Include,No,
105882002,a1G4J0000025thkUAA,,Rent Review,2026-05-15,2026-09-15,Pending,RTX,Regulated,S/D House,Tenanted,Include,No,
105887001,a1G4J0000025uZUUAY,,Rent Review,2026-12-25,2027-04-25,Pending,RTX,Regulated,End Terrace,Tenanted,Include,No,
105888001,a1G4J0000025uZAUAY,,Rent Review,2025-06-09,2025-10-09,Active,RTX,Regulated,S/D House,Tenanted,Include,No,
105906001,a1G4J0000025uROUAY,,Rent Review,2027-01-11,2027-05-11,Pending,RTX,Regulated,Mid Terrace,Tenanted,Include,No,
106328001,a1G4J0000025uD2UAI,,Rent Review,2025-09-22,2026-01-22,Pending,MKP,Regulated,Det House,Tenanted,Include,No,
106535001,a1G4J0000025udqUAA,,Rent Review,2026-11-24,2027-03-24,Pending,MKP,Regulated,End Terrace,For Sale,Include,No,
106536001,a1G4J0000025udbUAA,,Rent Review,2026-01-10,2026-05-10,Pending,MKP,Regulated,Mid Terrace,For Sale,Include,No,
106537001,a1G4J0000025uUCUAY,,Rent Review,2025-12-04,2026-03-04,Pending,MKP,Regulated,End Terrace,For Sale,Include,No,
106545001,a1G4J0000025uXQUAY,,Rent Review,2025-05-03,2025-09-03,InProgress,MKP,Regulated,DetBungalow,Tenanted,Include,No,
106547001,a1G4J0000025uYTUAY,,Rent Review,2026-05-12,2026-09-12,Pending,MKP,Regulated,S/D House,Tenanted,Include,No,
106552001,a1G4J0000025udRUAQ,,Rent Review,2025-09-30,2026-01-31,Active,MKP,Regulated,S/D House,Tenanted,Include,No,
106558001,a1G4J0000025trWUAQ,,Rent Review,2026-12-11,2027-04-11,Pending,MKP,Regulated,Mid Terrace,Tenanted,Include,No,
106560001,a1G4J0000025udWUAQ,,Rent Review,2025-12-13,2026-04-13,Pending,MKP,Regulated,S/D House,Tenanted,Include,No,
106564001,a1G4J0000025udvUAA,,Rent Review,2025-06-27,2025-10-27,Active,MKP,Regulated,S/D House,Tenanted,Include,No,
106573001,a1G4J0000025ubgUAA,,Rent Review,2025-10-05,2026-02-05,Active,MKP,Regulated,Mid Terrace,Tenanted,Include,No,
106574001,a1G4J0000025udlUAA,,Rent Review,2025-12-29,2026-03-29,Pending,MKP,Regulated,Mid Terrace,Tenanted,Include,No,
106583001,a1G4J0000025ubhUAA,,Rent Review,2025-07-09,2025-11-09,Active,MKP,Regulated,S/D House,Tenanted,Include,No,
106586001,a1G4J0000025ue5UAA,,Rent Review,2026-05-03,2026-09-03,Pending,MKP,Regulated,End Terrace,Tenanted,Include,No,
106589001,a1G4J0000025uaOUAQ,,Rent Review,2026-09-17,2027-01-17,Pending,MKP,Regulated,S/D House,Tenanted,Include,No,
106594001,a1G4J0000025ueAUAQ,,Rent Review,2027-01-04,2027-05-04,Pending,RTX,Regulated,End Terrace,Tenanted,Include,No,
106598001,a1G4J0000025uTOUAY,,Rent Review,2025-06-19,2025-10-19,Active,RTX,Regulated,Mid Terrace,Tenanted,Include,No,
106601001,a1G4J0000025uJuUAI,,Rent Review,2026-01-01,2026-05-01,Pending,RTX,Regulated,Det House,Tenanted,Include,No,
106606001,a1G4J0000025ueFUAQ,,Rent Review,2026-03-22,2026-07-22,Pending,RTX,Regulated,End Terrace,Tenanted,Include,No,
106608001,a1G4J0000025uUXUAY,,Rent Review,2026-12-15,2027-04-15,Pending,RTX,Regulated,End Terrace,Tenanted,Include,No,
106610001,a1G4J0000025ueUUAQ,,Rent Review,2025-07-22,2025-11-22,Active,RTX,Regulated,End Terrace,Tenanted,Include,No,
106617001,a1G4J0000025uU8UAI,,Rent Review,2025-12-11,2026-04-11,Pending,RTX,Regulated,S/D House,Tenanted,Include,No,
106625001,a1G4J0000025uePUAQ,,Rent Review,2025-12-11,2026-04-11,Pending,RTX,Regulated,End Terrace,Tenanted,Include,No,
106631001,a1G4J0000025uQZUAY,,Rent Review,2026-09-10,2027-01-10,Pending,RTX,Regulated,S/D House,Tenanted,Include,No,
106632001,a1G4J0000025uctUAA,,Rent Review,2025-12-09,2026-04-09,Pending,RTX,Regulated,Det House,Tenanted,Include,No,
106638001,a1G4J0000025uU7UAI,,Rent Review,2026-04-13,2026-08-13,Pending,MKP,Regulated,S/D House,Tenanted,Include,No,
106642001,a1G4J0000025uetUAA,,Rent Review,2026-11-09,2027-03-09,Pending,RTX,Regulated,S/D House,Tenanted,Include,No,
106647001,a1G4J0000025ueQUAQ,,Rent Review,2025-06-25,2025-10-25,Active,RTX,Regulated,S/D House,Tenanted,Include,No,
106649001,a1G4J0000025uQaUAI,,Rent Review,2025-11-17,2026-03-17,Pending,RTX,Regulated,S/D House,Tenanted,Include,No,
106651001,a1G4J0000025uJfUAI,,Rent Review,2025-11-17,2026-03-17,Pending,RTX,Regulated,S/D House,Tenanted,Include,No,
106660001,a1G4J0000025ucFUAQ,,Rent Review,2026-04-18,2026-08-18,Pending,MKP,Regulated,S/D House,Tenanted,Include,No,
106676001,a1G4J0000025ueeUAA,,Rent Review,2025-05-22,2025-09-22,Active,MKP,Regulated,S/D House,Tenanted,Include,No,
106688001,a1G4J0000025ufDUAQ,,Rent Review,2026-12-02,2027-04-02,Pending,RTX,Regulated,Det House,Tenanted,Include,No,
106755001,a1G4J0000025uIMUAY,,Rent Review,2026-06-29,2026-10-29,Pending,MKP,Regulated,End Terrace,Tenanted,Include,No,
107057001,a1G4J0000025uYIUAY,,Rent Review,2026-01-06,2026-05-06,Pending,RTX,Regulated,DetBungalow,Tenanted,Include,No,
107314001,a1G4J0000025uhdUAA,,Rent Review,2026-03-30,2026-07-30,Pending,MKP,Regulated,Mid Terrace,Tenanted,Include,No,
107316001,a1G4J0000025ui2UAA,,Rent Review,2026-04-07,2026-08-07,Pending,MKP,Regulated,Det House,Tenanted,Include,No,
107333001,a1G4J0000025uh5UAA,,Rent Review,2026-05-16,2026-09-16,Pending,MKP,Regulated,DetBungalow,Tenanted,Include,No,
107340001,a1G4J0000025uh1UAA,,Rent Review,2027-01-06,2027-05-06,Pending,MKP,Regulated,Mid Terrace,Tenanted,Include,No,
107342001,a1G4J0000025uMTUAY,,Rent Review,2027-01-06,2027-05-06,Pending,MKP,Regulated,End Terrace,Tenanted,Include,No,
107373001,a1G4J0000025uJwUAI,,Rent Review,2026-10-05,2027-02-05,Pending,MKP,Regulated,Mid Terrace,Tenanted,Include,No,
107375001,a1G4J0000025uSvUAI,,Rent Review,2025-09-10,2026-01-10,Active,MKP,Regulated,S/D House,Tenanted,Include,No,
107391001,a1G4J0000025ujoUAA,,Rent Review,2026-01-16,2026-05-16,Pending,MKP,Regulated,Mid Terrace,Tenanted,Include,No,
107393001,a1G4J0000025ujKUAQ,,Rent Review,2025-05-13,2025-09-13,Active,MKP,Regulated,Mid Terrace,Tenanted,Include,No,
107408001,a1G4J0000025tZNUAY,,Rent Review,2026-01-02,2026-05-02,Pending,MKP,Regulated,Mid Terrace,For Sale,Include,No,
107424001,a1G4J0000025ugqUAA,,Rent Review,2027-01-27,2027-05-27,Pending,MKP,Regulated,Mid Terrace,Tenanted,Include,No,
107492001,a1G4J0000025ujQUAQ,,Rent Review,2025-05-15,2025-09-15,Active,MKP,Regulated,End Terrace,Tenanted,Include,No,
107496001,a1G4J0000025ukhUAA,,Rent Review,2026-05-16,2026-09-16,Pending,MKP,Regulated,Mid Terrace,Tenanted,Include,No,
107537001,a1G4J0000025umTUAQ,,Rent Review,2025-06-28,2025-10-28,Active,MKP,Regulated,Det House,Tenanted,Include,No,
107549001,a1G4J0000025um5UAA,,Rent Review,2026-12-26,2027-04-26,Pending,MKP,Regulated,Flat PB,Tenanted,Include,No,
107554001,a1G4J0000025tz9UAA,,Rent Review,2025-09-12,2026-01-12,Pending,MKP,Regulated,Mid Terrace,For Sale,Include,No,
108004001,a1G4J0000025uh7UAA,,Rent Review,2026-05-30,2026-09-30,Pending,MKP,Regulated,S/D House,Tenanted,Include,No,
108020001,a1G4J0000025uu4UAA,,Rent Review,2026-06-21,2026-10-21,Pending,MKP,Regulated,Det House,Tenanted,Include,No,
108184001,a1G4J0000025ulhUAA,,Rent Review,2026-10-27,2027-02-27,Pending,MKP,Regulated,Mid Terrace,For Sale,Include,No,
108655001,a1G4J0000025upjUAA,,Rent Review,2026-12-11,2027-03-11,Pending,MKP,Regulated,DetBungalow,Tenanted,Include,No,
108672001,a1G4J0000025ubnUAA,,Rent Review,2026-08-13,2026-12-13,Pending,MKP,Regulated,Det House,Tenanted,Include,No,
108676001,a1G4J0000025uyeUAA,,Rent Review,2025-12-07,2026-03-07,Pending,MKP,Regulated,DetBungalow,Tenanted,Include,No,
108824001,a1G4J0000025uUIUAY,,Rent Review,2026-10-12,2027-02-12,Pending,PJN,Regulated,Mid Terrace,Tenanted,Include,No,
108825001,a1G4J0000025uzXUAQ,,Rent Review,2024-09-15,2026-01-15,Active,PJN,Regulated,Mid Terrace,Tenanted,Include,No,
108956001,a1G4J0000025v0zUAA,,Rent Review,2026-05-21,2026-09-21,Pending,PJN,Regulated,DetBungalow,For Sale,Include,No,
108981001,a1G4J0000025trtUAA,,Rent Review,2026-11-15,2027-03-15,Pending,PJN,Regulated,S/DBungalow,For Sale,Include,No,
108988001,a1G4J0000025uMHUAY,,Rent Review,2026-12-29,2027-04-29,Pending,PJN,Regulated,Mid Terrace,For Sale,Include,No,
109016001,a1G4J0000025uLHUAY,,Rent Review,2025-07-26,2025-11-26,Active,PJN,Regulated,Mid Terrace,For Sale,Include,No,
109039001,a1G4J0000025v1OUAQ,,Rent Review,2026-12-19,2027-04-19,Pending,PJN,Regulated,End Terrace,For Sale,Include,No,
109073001,a1G4J0000025v1dUAA,,Rent Review,2025-05-28,2025-09-28,Active,PJN,Regulated,Mid Terrace,For Sale,Include,No,
109110001,a1G4J0000025umwUAA,,Rent Review,2025-12-27,2026-03-27,Pending,PJN,Regulated,Flat PB,For Sale,Include,No,
109149001,a1G4J0000025ti8UAA,,Rent Review,2026-11-01,2027-02-01,Pending,PJN,Regulated,Mid Terrace,For Sale,Include,No,
109154001,a1G4J0000025v10UAA,,Rent Review,2027-02-03,2027-06-03,Pending,PJN,Regulated,Mid Terrace,For Sale,Include,No,
109159001,a1G4J0000025umBUAQ,,Rent Review,2026-07-23,2026-11-23,Pending,PJN,Regulated,Det House,For Sale,Include,No,
109192001,a1G4J0000025v0CUAQ,,Rent Review,2025-11-26,2026-03-26,Pending,PJN,Regulated,Flat PB,For Sale,Include,No,
109550011,a1G4J0000025ubXUAQ,,Rent Review,2027-01-03,2027-05-03,Pending,HP3,Regulated,Maisonette,Tenanted,Include,No,
109670001,a1G4J0000025uOSUAY,,Rent Review,2026-01-04,2026-05-04,Pending,MKP,Regulated,Det House,Tenanted,Include,No,
109753001,a1G4J0000025uiJUAQ,,Rent Review,2025-06-04,2025-10-04,Active,AOX,Regulated,Flat PB,Tenanted,Include,No,
109757001,a1G4J0000025uaeUAA,,Rent Review,2025-07-07,2025-11-07,Active,SR1,Regulated,Flat PB,Tenanted,Include,No,
109761001,a1G4J0000025v3KUAQ,,Rent Review,2026-09-20,2027-01-20,Pending,SR1,Regulated,Flat PB,Tenanted,Include,No,
111317001,a1G4J0000025vWXUAY,,Rent Review,2025-08-17,2025-12-17,Active,MKP,Regulated,Mid Terrace,For Sale,Include,No,
111353001,a1G4J0000025vMyUAI,,Rent Review,2025-04-22,2025-08-22,InProgress,MKP,Regulated,End Terrace,Tenanted,Include,No,
111357001,a1G4J0000025veQUAQ,,Rent Review,2025-09-12,2026-01-12,Pending,MKP,Regulated,Mid Terrace,Tenanted,Include,No,
111406001,a1G4J0000025vUrUAI,,Rent Review,2025-07-01,2025-11-01,Active,MKP,Regulated,End Terrace,Tenanted,Include,No,
111407001,a1G4J0000025veuUAA,,Rent Review,2026-11-30,2027-03-31,Pending,MKP,Regulated,Mid Terrace,Tenanted,Include,No,
111408001,a1G4J0000025vekUAA,,Rent Review,2025-03-24,2025-07-24,InProgress,MKP,Regulated,Mid Terrace,Tenanted,Include,No,
111410001,a1G4J0000025vefUAA,,Rent Review,2026-05-06,2026-09-06,Pending,MKP,Regulated,Mid Terrace,Tenanted,Include,No,
111412001,a1G4J0000025vM5UAI,,Rent Review,2025-03-30,2025-07-30,InProgress,MKP,Regulated,Mid Terrace,Tenanted,Include,No,
111415001,a1G4J0000025vepUAA,,Rent Review,2026-12-15,2027-04-15,Pending,MKP,Regulated,Mid Terrace,Tenanted,Include,No,
111418001,a1G4J0000025vcuUAA,,Rent Review,2026-08-01,2026-12-01,Pending,MKP,Regulated,Mid Terrace,Tenanted,Include,No,
111421001,a1G4J0000025vb9UAA,,Rent Review,2025-05-03,2025-09-03,InProgress,MKP,Regulated,Mid Terrace,Tenanted,Include,No,
111690001,a1G4J0000025vcVUAQ,,Rent Review,2025-12-07,2026-03-07,Pending,MKP,Regulated,Mid Terrace,For Sale,Include,No,
112145001,a1G4J0000025vgTUAQ,,Rent Review,2025-06-22,2025-10-22,Active,PJN,Regulated,Mid Terrace,For Sale,Include,No,
112237001,a1G4J0000025vg6UAA,,Rent Review,2025-11-27,2026-03-27,Pending,SR1,Regulated,Flat PB,Tenanted,Include,No,
112243001,a1G4J0000025vajUAA,,Rent Review,2026-07-25,2026-11-25,Pending,SR1,Regulated,Flat PB,Tenanted,Include,No,
112296001,a1G4J0000025vkLUAQ,,Rent Review,2026-08-13,2026-12-13,Pending,SR1,Regulated,Mid Terrace,Tenanted,Include,No,
112322001,a1G4J0000025vhQUAQ,,Rent Review,2027-01-01,2027-05-01,Pending,SR1,Regulated,Mid Terrace,Tenanted,Include,No,
112327001,a1G4J0000025vXVUAY,,Rent Review,2026-12-26,2027-04-26,Pending,SR1,Regulated,Mid Terrace,Tenanted,Include,No,
112428001,a1G4J0000025vpFUAQ,,Rent Review,2026-08-13,2026-12-13,Pending,SR1,Regulated,Mid Terrace,Tenanted,Include,No,
112429001,a1G4J0000025vRLUAY,,Rent Review,2026-06-22,2026-10-22,Pending,SR1,Regulated,Mid Terrace,Tenanted,Include,No,
112454001,a1G4J0000025vPMUAY,,Rent Review,2025-10-13,2026-02-13,Active,SR1,Regulated,Mid Terrace,Tenanted,Include,No,
112534001,a1G4J0000025vsYUAQ,,Rent Review,2026-07-03,2026-11-03,Pending,SR1,Regulated,Mid Terrace,Tenanted,Include,No,
112550001,a1G4J0000025vfMUAQ,,Rent Review,2026-12-26,2027-04-26,Pending,SR1,Regulated,Mid Terrace,Tenanted,Include,No,
112553001,a1G4J0000025vBCUAY,,Rent Review,2026-03-28,2026-07-28,Pending,SR1,Regulated,Mid Terrace,Tenanted,Include,No,
112569001,a1G4J0000025vduUAA,,Rent Review,2025-07-31,2025-10-31,Active,SR1,Regulated,Mid Terrace,Tenanted,Include,No,
112593001,a1G4J0000025vtCUAQ,,Rent Review,2026-04-17,2026-08-17,Pending,SR1,Regulated,Mid Terrace,Tenanted,Include,No,
112595001,a1G4J0000025viJUAQ,,Rent Review,2026-05-03,2026-09-03,Pending,SR1,Regulated,Mid Terrace,Tenanted,Include,No,
112610001,a1G4J0000025uYsUAI,,Rent Review,2026-10-19,2027-02-19,Pending,SR1,Regulated,Mid Terrace,Tenanted,Include,No,
113053001,a1G4J0000025vjlUAA,,Rent Review,2026-08-06,2026-12-06,Pending,RTX,Regulated,S/D House,Tenanted,Include,No,
113189001,a1G4J0000025vLDUAY,,Rent Review,2026-07-28,2026-11-28,Pending,RTX,Regulated,S/D House,Tenanted,Include,No,
113223001,a1G4J0000025vpyUAA,,Rent Review,2025-10-19,2026-02-19,Pending,RTX,Regulated,Mid Terrace,Tenanted,Include,No,
113485001,a1G4J0000025w1jUAA,,Rent Review,2026-09-09,2027-01-09,Pending,SR1,Regulated,Mid Terrace,Tenanted,Include,No,
113494001,a1G4J0000025vzAUAQ,,Rent Review,2026-08-21,2026-12-21,Pending,SR1,Regulated,Flat PB,Tenanted,Include,No,
113506001,a1G4J0000025vpMUAQ,,Rent Review,2026-06-11,2026-10-11,Pending,SR1,Regulated,Mid Terrace,Tenanted,Include,No,
113507001,a1G4J0000025w1tUAA,,Rent Review,2025-12-03,2026-04-03,Pending,SR1,Regulated,Mid Terrace,Tenanted,Include,No,
113509002,a1G4J0000025w2SUAQ,,Rent Review,2026-04-05,2026-08-05,Pending,AOX,Regulated,Flat PB,Tenanted,Include,No,
113527001,a1G4J0000025w0NUAQ,,Rent Review,2026-05-23,2026-09-23,Pending,SR1,Regulated,Mid Terrace,Tenanted,Include,No,
113531001,a1G4J0000025w2wUAA,,Rent Review,2027-02-09,2027-06-09,Pending,SR1,Regulated,Mid Terrace,Tenanted,Include,No,
113615002,a1G4J0000025w1uUAA,,Rent Review,2026-04-15,2026-08-15,Pending,SR1,Regulated,Flat PB,Tenanted,Include,No,
113645001,a1G4J0000025vfaUAA,,Rent Review,2025-05-18,2025-09-18,Active,SR1,Regulated,Flat PB,Tenanted,Include,No,
113646001,a1G4J0000025w5vUAA,,Rent Review,2026-06-27,2026-10-27,Pending,SR1,Regulated,Flat PB,Potent Vacant,Include,No,
113662001,a1G4J0000025w5lUAA,,Rent Review,2026-02-18,2026-06-18,Pending,SR1,Regulated,Flat PB,Tenanted,Include,No,
113664001,a1G4J0000025vfkUAA,,Rent Review,2026-10-08,2027-02-08,Pending,SR1,Regulated,Mid Terrace,Tenanted,Include,No,
113677001,a1G4J0000025w5YUAQ,,Rent Review,2026-10-07,2027-02-07,Pending,SR1,Regulated,Mid Terrace,Tenanted,Include,No,
113691001,a1G4J0000025vxtUAA,,Rent Review,2025-04-20,2025-08-20,InProgress,SR1,Regulated,Maisonette,Tenanted,Include,No,
113692001,a1G4J0000025vy5UAA,,Rent Review,2025-07-16,2025-11-16,Active,SR1,Regulated,Flat PB,Tenanted,Include,No,
113701001,a1G4J0000025vNJUAY,,Rent Review,2026-03-31,2026-07-31,Pending,SR1,Regulated,Flat PB,Potent Vacant,Include,No,
113705001,a1G4J0000025w1VUAQ,,Rent Review,2025-10-03,2026-02-03,Active,SR1,Regulated,Flat PB,Tenanted,Include,No,
113706001,a1G4J0000025w6PUAQ,,Rent Review,2027-01-24,2027-05-24,Pending,SR1,Regulated,Mid Terrace,Tenanted,Include,No,
113707045,a1G4J00000262FUUAY,,Rent Review,2026-11-18,2027-03-18,Pending,SW4,Regulated,Flat PB,Tenanted,Include,No,
113713003,a1G4J0000025w6jUAA,,Rent Review,2025-12-14,2026-04-14,Pending,HP3,Regulated,Flat PB,Tenanted,Include,No,
113719001,a1G4J0000025vFyUAI,,Rent Review,2025-08-17,2025-12-17,Active,SR1,Regulated,Flat PB,Tenanted,Include,No,
113737001,a1G4J0000025w5cUAA,,Rent Review,2026-01-07,2026-05-07,Pending,SR1,Regulated,Flat PB,Tenanted,Include,No,
113741001,a1G4J0000025v38UAA,,Rent Review,2026-05-29,2026-09-29,Pending,SR1,Regulated,Maisonette,Tenanted,Include,No,
113757001,a1G4J0000025w6tUAA,,Rent Review,2026-05-20,2026-09-20,Pending,SR1,Regulated,Flat PB,Tenanted,Include,No,
113770001,a1G4J00000262MjUAI,,Rent Review,2026-09-20,2027-01-20,Pending,SR1,Regulated,Flat PB,Tenanted,Include,No,
113771002,a1G4J0000025w6yUAA,,Rent Review,2025-06-20,2025-10-20,Active,DS4,Regulated,Flat PB,Tenanted,Include,No,
113788001,a1G4J0000025viVUAQ,,Rent Review,2026-07-26,2026-11-26,Pending,SR1,Regulated,Flat PB,Tenanted,Include,No,
113789001,a1G4J0000025w7SUAQ,,Rent Review,2026-07-07,2026-11-07,Pending,SR1,Regulated,Flat PB,Tenanted,Include,No,
113803001,a1G4J0000025vsKUAQ,,Rent Review,2026-02-09,2026-06-09,Pending,SR1,Regulated,Mid Terrace,Tenanted,Include,No,
113805002,a1G4J0000025w7mUAA,,Rent Review,2026-12-16,2027-04-16,Pending,SR1,Regulated,Flat PB,Tenanted,Include,No,
113877001,a1G4J00000262FVUAY,,Rent Review,2026-01-30,2026-05-30,Pending,AD5,Regulated,Flat PB,Tenanted,Include,No,
113880001,a1G4J0000025w6kUAA,,Rent Review,2026-10-03,2027-02-03,Pending,SR1,Regulated,Flat PB,Tenanted,Include,No,
113881001,a1G4J0000025w8zUAA,,Rent Review,2027-02-07,2027-06-07,Pending,SR1,Regulated,Flat PB,Tenanted,Include,No,
113887001,a1G4J0000025w7FUAQ,,Rent Review,2026-04-20,2026-08-20,Pending,SR1,Regulated,Flat PB,Tenanted,Include,No,
113905001,a1G4J00000261yZUAQ,,Rent Review,2027-01-13,2027-05-13,Pending,SR1,Regulated,Mid Terrace,Tenanted,Include,No,
113917001,a1G4J0000025vibUAA,,Rent Review,2026-09-30,2027-01-30,Pending,SR1,Regulated,S/D House,Tenanted,Include,No,
113965001,a1G4J0000025voDUAQ,,Rent Review,2025-05-28,2025-09-28,Active,SR1,Regulated,Flat PB,Tenanted,Include,No,
113966001,a1G4J0000025vrRUAQ,,Rent Review,2026-04-28,2026-08-28,Pending,SR1,Regulated,Maisonette,Tenanted,Include,No,
113967053,a1G4J0000025voMUAQ,,Rent Review,2026-11-02,2027-03-02,Pending,HP3,Regulated,Flat PB,Tenanted,Include,No,
113967054,a1G4J0000025w3KUAQ,,Rent Review,2026-07-22,2026-11-22,Pending,HP3,Regulated,Flat PB,Tenanted,Include,No,
113967057,a1G4J0000025vzgUAA,,Rent Review,2026-06-28,2026-10-28,Pending,HP3,Regulated,Flat PB,Tenanted,Include,No,
113967058,a1G4J0000025voTUAQ,,Rent Review,2026-11-09,2027-03-09,Pending,HP3,Regulated,Flat PB,Tenanted,Include,No,
113967059,a1G4J0000025vjJUAQ,,Rent Review,2026-07-22,2026-11-22,Pending,HP3,Regulated,Flat PB,Tenanted,Include,No,
113967062,a1G4J0000025w72UAA,,Rent Review,2026-11-02,2027-03-02,Pending,HP3,Regulated,Flat PB,Tenanted,Include,No,
113967064,a1G4J0000025w6hUAA,,Rent Review,2025-04-27,2025-07-27,InProgress,HP3,Regulated,Flat PB,Tenanted,Include,No,
113967066,a1G4J0000025w9jUAA,,Rent Review,2026-08-18,2026-12-18,Pending,HP3,Regulated,Flat PB,Tenanted,Include,No,
113967069,a1G4J0000025vnyUAA,,Rent Review,2026-07-22,2026-11-22,Pending,HP3,Regulated,Flat PB,Tenanted,Include,No,
113974001,a1G4J0000025w3gUAA,,Rent Review,2025-08-02,2025-12-02,Active,SR1,Regulated,Mid Terrace,Tenanted,Include,No,
113983001,a1G4J0000025vdpUAA,,Rent Review,2027-01-22,2027-05-22,Pending,NDX,Regulated,Mid Terrace,Tenanted,Include,No,
113984001,a1G4J0000025w7sUAA,,Rent Review,2026-09-21,2027-01-21,Pending,NDX,Regulated,Mid Terrace,Tenanted,Include,No,
113986001,a1G4J0000025vzCUAQ,,Rent Review,2027-02-12,2027-06-12,Pending,NDX,Regulated,Mid Terrace,Tenanted,Include,No,
114406001,a1G4J0000025wGZUAY,,Rent Review,2026-02-20,2026-06-20,Pending,SR1,Regulated,Det House,Tenanted,Include,No,
114407001,a1G4J0000025wGjUAI,,Rent Review,2027-02-07,2027-06-07,Pending,SR1,Regulated,S/D House,Tenanted,Include,No,
114408001,a1G4J0000025w6mUAA,,Rent Review,2027-02-07,2027-06-07,Pending,SR1,Regulated,S/D House,Tenanted,Include,No,
114491001,a1G4J0000025wGpUAI,,Rent Review,2025-10-22,2026-02-22,Pending,SR1,Regulated,S/D House,Tenanted,Include,No,
114559001,a1G4J0000025wDCUAY,,Rent Review,2026-04-20,2026-08-20,Pending,SR1,Regulated,S/D House,Tenanted,Include,No,
114724001,a1G4J0000025w6CUAQ,,Rent Review,2026-06-20,2026-10-20,Pending,SR1,Regulated,Flat PB,Tenanted,Include,No,
114726001,a1G4J0000025wKlUAI,,Rent Review,2026-02-10,2026-06-10,Pending,SR1,Regulated,Flat PB,Tenanted,Include,No,
114727001,a1G4J0000025wIWUAY,,Rent Review,2027-01-24,2027-05-24,Pending,SR1,Regulated,Flat PB,Tenanted,Include,No,
114728001,a1G4J0000025wKqUAI,,Rent Review,2026-12-22,2027-04-22,Pending,SR1,Regulated,Flat PB,Tenanted,Include,No,
114730001,a1G4J0000025w4yUAA,,Rent Review,2025-12-11,2026-04-11,Pending,SR1,Regulated,Flat PB,Tenanted,Include,No,
114731001,a1G4J0000025w5EUAQ,,Rent Review,2026-11-28,2027-03-28,Pending,SR1,Regulated,Flat PB,Tenanted,Include,No,
114733002,a1G4J0000025w7LUAQ,,Rent Review,2026-10-17,2027-02-17,Pending,SR1,Regulated,Flat PB,Tenanted,Include,No,
114735001,a1G4J0000025vp6UAA,,Rent Review,2025-04-22,2025-08-22,InProgress,SR1,Regulated,Flat PB,Tenanted,Include,No,
114736001,a1G4J0000025wBdUAI,,Rent Review,2026-05-10,2026-09-10,Pending,SR1,Regulated,Flat PB,Tenanted,Include,No,
114742004,a1G4J0000025wL5UAI,,Rent Review,2026-05-10,2026-09-10,Pending,SR1,Regulated,Flat PB,Tenanted,Include,No,
114743001,a1G4J0000025wCxUAI,,Rent Review,2026-10-04,2027-02-04,Pending,SR1,Regulated,Flat PB,Tenanted,Include,No,
114749001,a1G4J0000025wJoUAI,,Rent Review,2026-08-10,2026-12-10,Pending,SW4,Regulated,Maisonette,Tenanted,Include,No,
114768001,a1G4J0000025vhYUAQ,,Rent Review,2027-03-24,2027-07-24,Pending,DCX,Regulated,Flat PB,Tenanted,Include,No,
114769001,a1G4J0000025vlyUAA,,Rent Review,2026-05-28,2026-09-28,Pending,SR1,Regulated,Flat PB,Tenanted,Include,No,
114770001,a1G4J0000025wM3UAI,,Rent Review,2025-09-11,2026-01-11,Active,SR1,Regulated,Mid Terrace,Tenanted,Include,No,
114777003,a1G4J0000025vi5UAA,,Rent Review,2025-08-10,2025-12-10,Active,HP3,Regulated,Flat PB,Tenanted,Include,No,
114778001,a1G4J0000025wCQUAY,,Rent Review,2025-12-17,2026-04-17,Pending,SR1,Regulated,Flat PB,Solic.Instrct,Include,No,
114779001,a1G4J0000025uc8UAA,,Rent Review,2026-11-04,2027-03-04,Pending,SR1,Regulated,Flat PB,Tenanted,Include,No,
114781001,a1G4J0000025w7eUAA,,Rent Review,2026-02-28,2026-06-29,Pending,SR1,Regulated,Maisonette,Tenanted,Include,No,
114787001,a1G4J0000025wLZUAY,,Rent Review,2026-02-23,2026-06-23,Pending,AOX,Regulated,Maisonette,Tenanted,Include,No,
114938001,a1G4J0000025wQeUAI,,Rent Review,2025-12-28,2026-03-28,Pending,SR1,Regulated,Flat PB,Tenanted,Include,No,
114988001,a1G4J0000025wRXUAY,,Rent Review,2025-05-11,2025-09-11,InProgress,SR1,Regulated,Flat PB,Tenanted,Include,No,
115014001,a1G4J0000025wRhUAI,,Rent Review,2025-12-12,2026-04-12,Pending,HP3,Regulated,Flat PB,Tenanted,Include,No,
115014003,a1G4J0000025wR4UAI,,Rent Review,2026-01-15,2026-05-15,Pending,HP3,Regulated,Flat PB,Tenanted,Include,No,
115020001,a1G4J0000025wSLUAY,,Rent Review,2027-02-20,2027-06-20,Pending,SR1,Regulated,Flat PB,Tenanted,Include,No,
115043001,a1G4J0000025wSCUAY,,Rent Review,2025-11-07,2026-03-07,Pending,SR1,Regulated,Flat PB,Tenanted,Include,No,
115048001,a1G4J0000025wROUAY,,Rent Review,2025-10-14,2026-02-14,Active,NDX,Regulated,Mid Terrace,Tenanted,Include,No,
115057001,a1G4J0000025wSfUAI,,Rent Review,2025-12-24,2026-04-24,Pending,SR1,Regulated,Flat PB,Tenanted,Include,No,
115072003,a1G4J00000262WjUAI,,Rent Review,2026-12-21,2027-03-21,Pending,SW4,Regulated,Flat PB,Tenanted,Include,No,
115076001,a1G4J0000025wP9UAI,,Rent Review,2026-02-24,2026-06-24,Pending,SR1,Regulated,Flat PB,Tenanted,Include,No,
115080002,a1G4J0000025wOAUAY,,Rent Review,2027-01-02,2027-05-02,Pending,SR1,Regulated,Flat PB,Tenanted,Include,No,
115090001,a1G4J0000025wSkUAI,,Rent Review,2026-06-07,2026-10-07,Pending,SR1,Regulated,Flat PB,Tenanted,Include,No,
115100001,a1G4J0000025wTnUAI,,Rent Review,2026-08-12,2026-12-12,Pending,NDX,Regulated,Flat PB,Tenanted,Include,No,
115103002,a1G4J0000025wTYUAY,,Rent Review,2025-06-14,2025-10-14,Active,AOX,Regulated,Flat PB,Tenanted,Include,No,
115112001,a1G4J0000025wJVUAY,,Rent Review,2025-02-28,2025-06-29,Active,NDX,Regulated,Flat PB,Tenanted,Include,No,
115162001,a1G4J0000025wOyUAI,,Rent Review,2025-06-16,2025-10-16,Active,SR1,Regulated,End Terrace,Tenanted,Include,No,
115177001,a1G4J0000025wSRUAY,,Rent Review,2026-05-14,2026-09-14,Pending,SR1,Regulated,S/D House,Tenanted,Include,No,
115184001,a1G4J0000025wTsUAI,,Rent Review,2025-03-21,2025-07-21,InProgress,SR1,Regulated,Flat PB,Tenanted,Include,No,
115192001,a1G4J0000025wUMUAY,,Rent Review,2026-11-21,2027-03-21,Pending,SR1,Regulated,Flat PB,Tenanted,Include,No,
115199010,a1G4J0000025wMEUAY,,Rent Review,2026-07-21,2026-11-21,Pending,SR1,Regulated,Flat PB,Tenanted,Include,No,
115352001,a1G4J0000025wUlUAI,,Rent Review,2025-12-20,2026-04-20,Pending,SR1,Regulated,End Terrace,Tenanted,Include,No,
115527001,a1G4J0000025wToUAI,,Rent Review,2027-02-08,2027-06-08,Pending,SR1,Regulated,Flat PB,Tenanted,Include,No,
115549001,a1G4J0000025wJXUAY,,Rent Review,2025-03-31,2025-07-31,InProgress,SR1,Regulated,Flat Conv.,Tenanted,Include,No,
115775001,a1G4J0000025wW5UAI,,Rent Review,2025-08-08,2025-12-08,Active,SR1,Regulated,Flat PB,Tenanted,Include,No,
115796001,a1G4J0000025wPxUAI,,Rent Review,2026-08-06,2026-12-06,Pending,SR1,Regulated,Flat PB,Tenanted,Include,No,
115948001,a1G4J0000025wPzUAI,,Rent Review,2025-08-13,2025-12-13,Active,SR1,Regulated,S/D House,Tenanted,Include,No,
115983001,a1G4J0000025wjlUAA,,Rent Review,2025-10-18,2026-02-18,Pending,SR1,Regulated,S/D House,Tenanted,Include,No,
116268001,a1G4J0000025wnTUAQ,,Rent Review,2025-07-20,2025-11-20,Active,RTX,Regulated,S/D House,Tenanted,Include,No,
116269001,a1G4J0000025wd1UAA,,Rent Review,2025-08-05,2025-12-05,Active,RTX,Regulated,Mid Terrace,Tenanted,Include,No,
116273001,a1G4J0000025wlnUAA,,Rent Review,2026-03-11,2026-07-11,Pending,RTX,Regulated,S/D House,Tenanted,Include,No,
116284001,a1G4J0000025wndUAA,,Rent Review,2025-10-20,2026-02-20,Pending,RTX,Regulated,Mid Terrace,Tenanted,Include,No,
116319001,a1G4J0000025woRUAQ,,Rent Review,2025-04-27,2025-08-27,InProgress,SR1,Regulated,End Terrace,Tenanted,Include,No,
122050001,a1G4J0000025wolUAA,,Rent Review,2025-03-26,2025-07-26,InProgress,SR1,Regulated,Mid Terrace,Tenanted,Include,No,
122053001,a1G4J0000025wZtUAI,,Rent Review,2025-10-04,2026-02-04,Pending,SR1,Regulated,Mid Terrace,Tenanted,Include,No,
122057001,a1G4J0000025wVpUAI,,Rent Review,2025-04-03,2025-08-03,Pending,SR1,Regulated,Mid Terrace,Tenanted,Include,No,
122058001,a1G4J0000025wlJUAQ,,Rent Review,2025-07-01,2025-11-01,Active,SR1,Regulated,Mid Terrace,Tenanted,Include,No,
122062001,a1G4J0000025vvrUAA,,Rent Review,2025-09-18,2026-01-18,Pending,SR1,Regulated,Mid Terrace,Tenanted,Include,No,
122063001,a1G4J0000025uz0UAA,,Rent Review,2025-04-03,2025-08-03,InProgress,SR1,Regulated,Mid Terrace,Tenanted,Include,No,
122065001,a1G4J0000025wQIUAY,,Rent Review,2026-01-10,2026-05-10,Pending,SR1,Regulated,Mid Terrace,Tenanted,Include,No,
122069001,a1G4J0000025wogUAA,,Rent Review,2025-06-30,2025-10-30,Pending,SR1,Regulated,Mid Terrace,Tenanted,Include,No,
122070001,a1G4J0000025wobUAA,,Rent Review,2025-08-11,2025-12-11,Pending,SR1,Regulated,Mid Terrace,Tenanted,Include,No,
122071001,a1G4J0000025wgZUAQ,,Rent Review,2026-06-25,2026-10-25,Pending,SR1,Regulated,Mid Terrace,Tenanted,Include,No,
122072001,a1G4J0000025woMUAQ,,Rent Review,2025-09-18,2026-01-18,Pending,SR1,Regulated,Mid Terrace,Tenanted,Include,No,
122074001,a1G4J0000025wpKUAQ,,Rent Review,2025-05-20,2025-09-20,Active,SR1,Regulated,Mid Terrace,Tenanted,Include,No,
122079001,a1G4J0000025wpUUAQ,,Rent Review,2025-09-15,2026-01-15,Pending,SR1,Regulated,Mid Terrace,Tenanted,Include,No,
122083001,a1G4J0000025waQUAQ,,Rent Review,2025-05-11,2025-09-11,InProgress,SR1,Regulated,Mid Terrace,Tenanted,Include,No,
122084001,a1G4J0000025wpjUAA,,Rent Review,2025-08-11,2025-12-11,Pending,SR1,Regulated,Mid Terrace,Tenanted,Include,No,
122087001,a1G4J0000025wHPUAY,,Rent Review,2025-05-19,2025-09-19,Active,SR1,Regulated,Mid Terrace,Tenanted,Include,No,
122090001,a1G4J0000025wpeUAA,,Rent Review,2026-01-10,2026-05-10,Pending,SR1,Regulated,Mid Terrace,Tenanted,Include,No,
122092001,a1G4J0000025wPjUAI,,Rent Review,2025-04-03,2025-08-03,InProgress,SR1,Regulated,Mid Terrace,Tenanted,Include,No,
122099001,a1G4J0000025wQJUAY,,Rent Review,2025-04-04,2025-08-04,InProgress,SR1,Regulated,Mid Terrace,Tenanted,Include,No,
122102001,a1G4J0000025wi1UAA,,Rent Review,2025-04-21,2025-08-21,InProgress,SR1,Regulated,Mid Terrace,Tenanted,Include,No,
122103001,a1G4J0000025wptUAA,,Rent Review,2025-10-05,2026-02-05,Pending,SR1,Regulated,Mid Terrace,Tenanted,Include,No,
122104001,a1G4J0000025wpyUAA,,Rent Review,2025-12-12,2026-04-12,Pending,SR1,Regulated,Mid Terrace,Tenanted,Include,No,
122105001,a1G4J0000025wfRUAQ,,Rent Review,2025-10-27,2026-02-27,Pending,SR1,Regulated,Mid Terrace,Tenanted,Include,No,
122106001,a1G4J0000025wq9UAA,,Rent Review,2025-07-16,2025-11-16,Active,SR1,Regulated,Mid Terrace,Tenanted,Include,No,
122107001,a1G4J0000025wq3UAA,,Rent Review,2025-08-09,2025-12-09,Active,SR1,Regulated,Mid Terrace,Tenanted,Include,No,
122108001,a1G4J0000025wiyUAA,,Rent Review,2025-05-24,2025-09-24,Active,SR1,Regulated,Mid Terrace,Tenanted,Include,No,
122130001,a1G4J0000025wOlUAI,,Rent Review,2023-05-02,2023-09-02,In Dispute,JWX,Regulated,Flat Conv.,Tenanted,Include,No,
122136001,a1G4J0000025wqDUAQ,,Rent Review,2025-10-04,2026-02-04,Pending,SR1,Regulated,Mid Terrace,Tenanted,Include,No,
122138001,a1G4J0000025wcUUAQ,,Rent Review,2025-10-04,2026-02-04,Pending,SR1,Regulated,Mid Terrace,Tenanted,Include,No,
122152001,a1G4J0000025wqhUAA,,Rent Review,2026-12-27,2027-03-27,Pending,RTX,Regulated,End Terrace,Tenanted,Include,No,
122153001,a1G4J0000025wkDUAQ,,Rent Review,2026-06-07,2026-10-07,Pending,SR1,Regulated,Flat Conv.,Tenanted,Include,No,
122190001,a1G4J0000025woEUAQ,,Rent Review,2026-12-30,2027-04-30,Pending,AOX,Regulated,Flat PB,Tenanted,Include,No,
122461003,a1G4J0000025wsyUAA,,Rent Review,2025-06-29,2025-10-29,Active,DS4,Regulated,Flat Conv.,Tenanted,Include,No,
122465001,a1G4J0000025wvSUAQ,,Rent Review,2025-08-13,2025-12-13,Active,SR1,Regulated,Flat PB,Tenanted,Include,No,
122483001,a1G4J0000025wvXUAQ,,Rent Review,2025-09-08,2026-01-08,Active,MKP,Regulated,S/D House,Tenanted,Include,No,
122509001,a1G4J0000025wdeUAA,,Rent Review,2026-09-30,2027-01-31,Pending,RTX,Regulated,Mid Terrace,Tenanted,Include,No,
122623002,a1G4J0000025x2BUAQ,,Rent Review,2026-12-02,2027-04-02,Pending,SW4,Regulated,Flat Conv.,Tenanted,Include,No,
122645002,a1G4J0000025wyhUAA,,Rent Review,2026-11-26,2027-03-26,Pending,SR1,Regulated,Flat Conv.,Tenanted,Include,No,
122662001,a1G4J0000025wpmUAA,,Rent Review,2025-04-01,2025-08-01,InProgress,SR1,Regulated,Flat PB,Tenanted,Include,No,
122665001,a1G4J0000025wMRUAY,,Rent Review,2025-08-16,2025-12-16,Active,RTX,Regulated,Det House,Tenanted,Include,No,
122700001,a1G4J0000025x1hUAA,,Rent Review,2025-09-20,2026-01-20,Active,RTX,Regulated,Flat Conv.,Tenanted,Include,No,
122702001,a1G4J0000025x3DUAQ,,Rent Review,2025-09-06,2026-01-06,Pending,SR1,Regulated,Flat Conv.,Tenanted,Include,No,
127018001,a1G4J0000025wz9UAA,,Rent Review,2026-05-18,2026-09-18,Pending,NDX,Regulated,Flat Conv.,Tenanted,Include,No,
127020001,a1G4J0000025x8cUAA,,Rent Review,2027-01-23,2027-05-23,Pending,SR1,Regulated,Flat Conv.,Tenanted,Include,No,
127025001,a1G4J0000025x5MUAQ,,Rent Review,2027-01-17,2027-05-17,Pending,SW4,Regulated,Maisonette,Tenanted,Include,No,
127027003,a1G4J0000025x9uUAA,,Rent Review,2026-02-18,2026-06-18,Pending,SR1,Regulated,Flat Conv.,Tenanted,Include,No,
127027004,a1G4J0000025wiVUAQ,,Rent Review,2026-07-02,2026-11-02,Pending,SR1,Regulated,Flat Conv.,Tenanted,Include,No,
127028002,a1G4J0000025xAOUAY,,Rent Review,2026-03-19,2026-06-19,Pending,SR1,Regulated,Flat Conv.,Tenanted,Include,No,
127038001,a1G4J0000025x2LUAQ,,Rent Review,2025-08-19,2025-12-19,Active,RTX,Regulated,DetBungalow,Tenanted,Include,No,
127045001,a1G4J0000025xBGUAY,,Rent Review,2027-01-12,2027-05-12,Pending,RTX,Regulated,S/D House,Tenanted,Include,No,
127053002,a1G4J0000025x4sUAA,,Rent Review,2026-10-18,2027-02-18,Pending,SR1,Regulated,Flat Conv.,Tenanted,Include,No,
127065001,a1G4J0000025x6dUAA,,Rent Review,2024-10-06,2026-02-06,Pending,RTX,Regulated,S/D House,Tenanted,Include,No,
127127001,a1G4J0000025we8UAA,,Rent Review,2025-02-24,2025-07-24,InProgress,DS4,Regulated,Flat Conv.,Tenanted,Include,No,
127127002,a1G4J0000025x8mUAA,,Rent Review,2026-03-05,2026-07-05,Pending,SW4,Regulated,Flat Conv.,Tenanted,Include,No,
127165001,a1G4J0000025xA9UAI,,Rent Review,2027-02-08,2027-06-08,Pending,SR1,Regulated,Flat PB,Tenanted,Include,No,
127186001,a1G4J0000025w3eUAA,,Rent Review,2025-07-29,2025-11-29,Active,MKP,Regulated,Flat PB,Tenanted,Include,No,
127190001,a1G4J0000025xApUAI,,Rent Review,2025-07-07,2025-11-07,Active,PJN,Regulated,Mid Terrace,Tenanted,Include,No,
127191001,a1G4J0000025xGgUAI,,Rent Review,2025-12-29,2026-04-29,Pending,HP3,Regulated,Flat Conv.,Tenanted,Include,No,
127197001,a1G4J0000025xG7UAI,,Rent Review,2026-11-12,2027-03-12,Pending,MKP,Regulated,Mid Terrace,Tenanted,Include,No,
127230001,a1G4J0000025xKxUAI,,Rent Review,2026-10-05,2027-02-05,Pending,MKP,Regulated,S/D House,Tenanted,Include,No,
127241001,a1G4J0000025wfDUAQ,,Rent Review,2026-09-10,2027-01-10,Pending,RTX,Regulated,Flat Conv.,Tenanted,Include,No,
127254001,a1G4J0000025wuYUAQ,,Rent Review,2025-04-04,2025-08-04,InProgress,SR1,Regulated,Flat Conv.,Tenanted,Include,No,
127267001,a1G4J0000025xMxUAI,,Rent Review,2025-10-27,2026-02-27,Pending,MKP,Regulated,Mid Terrace,Tenanted,Include,No,
127294001,a1G4J0000025xMaUAI,,Rent Review,2025-04-19,2025-08-19,InProgress,MKP,Regulated,End Terrace,Tenanted,Include,No,
127295001,a1G4J0000025xNMUAY,,Rent Review,2026-07-01,2026-11-01,Pending,MKP,Regulated,Mid Terrace,Tenanted,Include,No,
127297001,a1G4J0000025wgvUAA,,Rent Review,2025-02-26,2025-06-26,InProgress,MKP,Regulated,Mid Terrace,Tenanted,Include,No,
127299001,a1G4J0000025xJmUAI,,Rent Review,2025-07-12,2025-11-12,Active,MKP,Regulated,S/D House,For Sale,Include,No,
127300001,a1G4J0000025xMbUAI,,Rent Review,2025-07-05,2025-11-05,Active,RTX,Regulated,S/D House,Tenanted,Include,No,
127301001,a1G4J0000025wfEUAQ,,Rent Review,2026-06-08,2026-10-08,Pending,RTX,Regulated,S/D House,Tenanted,Include,No,
127302001,a1G4J0000025wypUAA,,Rent Review,2026-06-21,2026-10-21,Pending,RTX,Regulated,S/D House,Tenanted,Include,No,
216430001,a1G4J0000025xO7UAI,,Rent Review,2025-07-04,2025-11-04,Active,MKP,Regulated,S/D House,Tenanted,Include,No,
216456001,a1G4J0000025xd1UAA,,Rent Review,2025-07-05,2025-11-05,Active,MKP,Regulated,Flat PB,Tenanted,Include,No,
216458001,a1G4J0000025xJgUAI,,Rent Review,2025-04-15,2025-08-15,InProgress,MKP,Regulated,S/D House,Tenanted,Include,No,
216518001,a1G4J0000025xfBUAQ,,Rent Review,2025-08-11,2025-12-11,Pending,MKP,Regulated,S/D House,Tenanted,Include,No,
216525001,a1G4J0000025wblUAA,,Rent Review,2027-01-03,2027-05-03,Pending,MKP,Regulated,S/D House,Tenanted,Include,No,
216532001,a1G4J0000025xIoUAI,,Rent Review,2026-03-30,2026-07-30,Pending,MKP,Regulated,S/D House,Tenanted,Include,No,
216536001,a1G4J0000025xdGUAQ,,Rent Review,2026-01-15,2026-05-15,Pending,MKP,Regulated,Mid Terrace,Tenanted,Include,No,
216546001,a1G4J0000025xGsUAI,,Rent Review,2026-02-17,2026-06-17,Pending,MKP,Regulated,S/D House,Tenanted,Include,No,
216567001,a1G4J0000025xQ9UAI,,Rent Review,2025-08-11,2025-12-11,Active,MKP,Regulated,End Terrace,Tenanted,Include,No,
216568001,a1G4J0000025xWKUAY,,Rent Review,2027-01-07,2027-05-07,Pending,MKP,Regulated,End Terrace,Tenanted,Include,No,
216586001,a1G4J0000025xSAUAY,,Rent Review,2025-05-11,2025-12-11,Active,MKP,Regulated,Mid Terrace,Tenanted,Include,No,
216589001,a1G4J0000025xVmUAI,,Rent Review,2025-10-02,2026-02-02,Active,MKP,Regulated,Mid Terrace,Tenanted,Include,No,
216592001,a1G4J0000025xgiUAA,,Rent Review,2026-03-21,2026-07-21,Pending,MKP,Regulated,End Terrace,Tenanted,Include,Yes,
216592001,a1G4J0000025xgiUAA,,Rent Review,2026-08-05,2026-12-05,Pending,MKP,Regulated,End Terrace,Tenanted,Include,Yes,
216597001,a1G4J0000025xd8UAA,,Rent Review,2025-08-20,2025-12-20,Pending,MKP,Regulated,S/D House,Tenanted,Include,No,
216619001,a1G4J0000025xQKUAY,,Rent Review,2025-05-10,2025-09-10,InProgress,MKP,Regulated,Mid Terrace,Tenanted,Include,No,
216621001,a1G4J0000025xfpUAA,,Rent Review,2025-10-09,2026-02-09,Pending,MKP,Regulated,End Terrace,Tenanted,Include,No,
216626004,a1G4J0000025xgTUAQ,,Rent Review,2027-01-30,2027-05-30,Pending,MKP,Regulated,Flat PB,Tenanted,Include,No,
216635001,a1G4J0000025xg9UAA,,Rent Review,2025-11-18,2026-03-18,Pending,MKP,Regulated,End Terrace,Tenanted,Include,No,
216641001,a1G4J0000025xBXUAY,,Rent Review,2026-02-04,2026-06-04,Pending,MKP,Regulated,S/D House,Tenanted,Include,No,
216647001,a1G4J0000025xEbUAI,,Rent Review,2025-09-08,2026-01-08,Pending,MKP,Regulated,End Terrace,Tenanted,Include,No,
216657001,a1G4J0000025xaiUAA,,Rent Review,2026-12-07,2027-04-07,Pending,MKP,Regulated,End Terrace,Tenanted,Include,No,
216667001,a1G4J0000025xUzUAI,,Rent Review,2026-06-30,2026-10-31,Pending,MKP,Regulated,S/D House,Tenanted,Include,No,
216683001,a1G4J0000025xXQUAY,,Rent Review,2026-03-30,2026-07-30,Pending,MKP,Regulated,End Terrace,Tenanted,Include,No,
216702001,a1G4J0000025xcdUAA,,Rent Review,2026-06-30,2026-10-31,Pending,MKP,Regulated,End Terrace,Tenanted,Include,No,
216713001,a1G4J0000025xSiUAI,,Rent Review,2026-02-17,2026-06-17,Pending,MKP,Regulated,End Terrace,Tenanted,Include,No,
216733001,a1G4J0000025xeYUAQ,,Rent Review,2026-03-30,2026-07-30,Pending,MKP,Regulated,End Terrace,Tenanted,Include,No,
216734001,a1G4J0000025xh2UAA,,Rent Review,2025-10-09,2026-02-09,Pending,MKP,Regulated,Mid Terrace,Tenanted,Include,No,
217112003,a1G4J0000025xiAUAQ,,Rent Review,2026-01-08,2026-05-08,Pending,DS4,Regulated,Flat PB,Tenanted,Include,No,
217296001,a1G4J0000025xiPUAQ,,Rent Review,2027-01-11,2027-05-11,Pending,SR1,Regulated,S/D House,Tenanted,Include,No,
317351007,a1G4J0000025z6bUAA,,Rent Review,2026-04-10,2026-08-10,Pending,SW4,Regulated,Flat PB,Tenanted,Include,No,
317351029,a1G4J0000025zF0UAI,,Rent Review,2026-07-30,2026-10-30,Pending,SW4,Regulated,Flat PB,Tenanted,Include,No,
317351046,a1G4J0000025z96UAA,,Rent Review,2025-12-29,2026-04-29,Pending,SW4,Regulated,Flat PB,Potent Vacant,Include,No,
317351048,a1G4J0000025z2mUAA,,Rent Review,2025-12-29,2026-04-29,Pending,SW4,Regulated,Flat PB,Tenanted,Include,No,
317351052,a1G4J0000025z7SUAQ,,Rent Review,2026-12-19,2027-04-19,Pending,SW4,Regulated,Flat PB,Tenanted,Include,No,
317351058,a1G4J0000025zJRUAY,,Rent Review,2025-05-11,2025-09-11,Active,DS4,Regulated,Flat PB,Tenanted,Include,No,
317351083,a1G4J0000025zKGUAY,,Rent Review,2025-12-29,2026-04-29,Pending,SW4,Regulated,Flat PB,Tenanted,Include,No,
317351088,a1G4J0000025zJDUAY,,Rent Review,2025-07-08,2025-11-08,Active,DS4,Regulated,Flat PB,Tenanted,Include,No,
317351089,a1G4J0000025zJEUAY,,Rent Review,2025-05-11,2025-09-11,Active,DS4,Regulated,Flat PB,Tenanted,Include,No,
317352002,a1G4J0000025z9pUAA,,Rent Review,2026-12-08,2027-04-08,Pending,SW4,Regulated,Flat PB,Tenanted,Include,No,
317352005,a1G4J0000025zFtUAI,,Rent Review,2026-12-09,2027-04-09,Pending,SW4,Regulated,Flat PB,Tenanted,Include,No,
317352006,a1G4J0000025z9jUAA,,Rent Review,2026-07-28,2026-11-28,Pending,SW4,Regulated,Flat PB,Tenanted,Include,No,
317352007,a1G4J0000025zGhUAI,,Rent Review,2026-12-08,2027-04-08,Pending,SW4,Regulated,Flat PB,Tenanted,Include,No,
317352013,a1G4J0000025z5YUAQ,,Rent Review,2025-12-24,2026-04-24,Pending,SW4,Regulated,Flat PB,Tenanted,Include,No,
317352016,a1G4J0000025zHHUAY,,Rent Review,2026-12-08,2027-04-08,Pending,SW4,Regulated,Flat PB,Tenanted,Include,No,
317352028,a1G4J0000025zEAUAY,,Rent Review,2026-12-08,2027-04-08,Pending,SW4,Regulated,Flat PB,Tenanted,Include,No,
317352037,a1G4J0000025zJ3UAI,,Rent Review,2025-12-28,2026-04-28,Pending,SW4,Regulated,Flat PB,Tenanted,Include,No,
317352053,a1G4J0000025zK0UAI,,Rent Review,2025-12-24,2026-04-24,Pending,SW4,Regulated,Flat PB,Tenanted,Include,No,
317352054,a1G4J0000025zKjUAI,,Rent Review,2025-12-28,2026-04-28,Pending,SW4,Regulated,Studio,Tenanted,Include,No,
317352059,a1G4J0000025zAHUAY,,Rent Review,2025-12-28,2026-04-28,Pending,SW4,Regulated,Flat PB,Tenanted,Include,No,
317352068,a1G4J0000025zMVUAY,,Rent Review,2025-12-28,2026-04-28,Pending,SW4,Regulated,Flat PB,Tenanted,Include,No,
317352070,a1G4J0000025zKCUAY,,Rent Review,2026-05-03,2026-09-03,Pending,SW4,Regulated,Flat PB,Tenanted,Include,No,
317352075,a1G4J0000025yo7UAA,,Rent Review,2025-12-28,2026-04-28,Pending,SW4,Regulated,Flat PB,Tenanted,Include,No,
317352078,a1G4J0000025zFVUAY,,Rent Review,2026-06-21,2026-10-21,Pending,SW4,Regulated,Flat PB,Tenanted,Include,No,
317352079,a1G4J0000025z3XUAQ,,Rent Review,2025-12-24,2026-04-24,Pending,SW4,Regulated,Flat PB,Tenanted,Include,No,
317352080,a1G4J0000025zFGUAY,,Rent Review,2025-03-14,2025-07-14,InProgress,AD5,Regulated,Flat PB,Tenanted,Include,No,
317352081,a1G4J0000025zBQUAY,,Rent Review,2025-12-28,2026-04-28,Pending,SW4,Regulated,Flat PB,Tenanted,Include,No,
317352085,a1G4J0000025zJwUAI,,Rent Review,2026-12-08,2027-04-08,Pending,SW4,Regulated,Flat PB,Tenanted,Include,No,
317352104,a1G4J0000025zKHUAY,,Rent Review,2026-12-08,2027-04-08,Pending,SW4,Regulated,Flat PB,Tenanted,Include,No,
317352107,a1G4J0000025zE3UAI,,Rent Review,2026-01-21,2026-05-21,Pending,SW4,Regulated,Flat PB,Tenanted,Include,No,
317352112,a1G4J0000025zMnUAI,,Rent Review,2027-01-24,2027-05-24,Pending,SW4,Regulated,Flat PB,Tenanted,Include,No,
317352115,a1G4J0000025zKqUAI,,Rent Review,2026-07-29,2026-11-29,Pending,SW4,Regulated,Flat PB,Tenanted,Include,No,
317352120,a1G4J0000025zQmUAI,,Rent Review,2025-12-24,2026-04-24,Pending,SW4,Regulated,Flat PB,Tenanted,Include,No,
317352121,a1G4J0000025zPGUAY,,Rent Review,2025-12-24,2026-04-24,Pending,SW4,Regulated,Flat PB,Tenanted,Include,No,
317352127,a1G4J0000025zGvUAI,,Rent Review,2026-10-17,2027-02-17,Pending,SW4,Regulated,Flat PB,Tenanted,Include,No,
317352130,a1G4J0000025zNUUAY,,Rent Review,2025-04-30,2025-08-31,Active,AD5,Regulated,Flat PB,Tenanted,Include,No,
317352131,a1G4J0000025zJeUAI,,Rent Review,2026-12-09,2027-04-09,Pending,SW4,Regulated,Flat PB,Tenanted,Include,No,
317352135,a1G4J0000025zGUUAY,,Rent Review,2026-12-08,2027-04-08,Pending,SW4,Regulated,Flat PB,Solic.Instrct,Include,No,
317352141,a1G4J0000025ytPUAQ,,Rent Review,2026-04-27,2026-08-27,Pending,SW4,Regulated,Flat PB,Tenanted,Include,No,
317352145,a1G4J0000025z2UUAQ,,Rent Review,2026-12-08,2027-04-08,Pending,SW4,Regulated,Flat PB,Tenanted,Include,No,
317352147,a1G4J0000025zLzUAI,,Rent Review,2026-04-27,2026-08-27,Pending,SW4,Regulated,Flat PB,Tenanted,Include,No,
317352159,a1G4J0000025zNYUAY,,Rent Review,2026-04-27,2026-08-27,Pending,SW4,Regulated,Flat PB,Tenanted,Include,No,
317353009,a1G4J0000025y8ZUAQ,,Rent Review,2025-12-24,2026-04-24,Pending,SW4,Regulated,Flat PB,Tenanted,Include,No,
317353013,a1G4J0000025yHbUAI,,Rent Review,2026-04-27,2026-08-27,Pending,SW4,Regulated,Flat PB,Tenanted,Include,No,
317353034,a1G4J0000025ynZUAQ,,Rent Review,2025-12-24,2026-04-24,Pending,SW4,Regulated,Flat PB,Tenanted,Include,No,
317353045,a1G4J0000025z7IUAQ,,Rent Review,2026-12-08,2027-04-08,Pending,SW4,Regulated,Flat PB,Tenanted,Include,No,
317353046,a1G4J0000025xfsUAA,,Rent Review,2026-12-08,2027-04-08,Pending,SW4,Regulated,Flat PB,Tenanted,Include,No,
317353047,a1G4J0000025zAZUAY,,Rent Review,2025-12-24,2026-04-24,Pending,SW4,Regulated,Flat PB,Tenanted,Include,No,
317353050,a1G4J0000025yasUAA,,Rent Review,2026-04-27,2026-08-27,Pending,SW4,Regulated,Flat PB,Tenanted,Include,No,
317353060,a1G4J0000025z8qUAA,,Rent Review,2026-04-27,2026-08-27,Pending,SW4,Regulated,Flat PB,Tenanted,Include,No,
317353068,a1G4J0000025z9gUAA,,Rent Review,2025-03-14,2025-07-14,InProgress,AD5,Regulated,Flat PB,Tenanted,Include,No,
317354009,a1G4J0000025yfeUAA,,Rent Review,2025-12-23,2026-04-23,Pending,DS4,Regulated,Flat PB,Tenanted,Include,No,
317354014,a1G4J0000025yqfUAA,,Rent Review,2026-09-21,2027-01-21,Pending,DS4,Regulated,Flat PB,Tenanted,Include,No,
317355001,a1G4J0000025z2QUAQ,,Rent Review,2025-12-08,2026-04-08,Pending,DS4,Regulated,Flat PB,Tenanted,Include,No,
317355002,a1G4J0000025yrHUAQ,,Rent Review,2025-12-08,2026-04-08,Pending,DS4,Regulated,Flat PB,Tenanted,Include,No,
317355017,a1G4J0000025ytaUAA,,Rent Review,2025-12-08,2026-04-08,Pending,DS4,Regulated,Flat PB,Tenanted,Include,No,
317355021,a1G4J0000025yxUUAQ,,Rent Review,2025-12-08,2026-04-08,Pending,DS4,Regulated,Flat PB,Tenanted,Include,No,
317355027,a1G4J0000025yPIUAY,,Rent Review,2025-12-08,2026-04-08,Pending,DS4,Regulated,Flat PB,Tenanted,Include,No,
317355030,a1G4J0000025z2zUAA,,Rent Review,2025-12-08,2026-04-08,Pending,DS4,Regulated,Flat PB,Tenanted,Include,No,
317373017,a1G4J00000262rXUAQ,,Rent Review,2025-12-15,2026-04-15,Pending,SW4,Regulated,Flat PB,Tenanted,Include,No,
317373021,a1G4J00000260b9UAA,,Rent Review,2025-12-15,2026-04-15,Pending,SW4,Regulated,Flat PB,Tenanted,Include,No,
317373023,a1G4J00000262n7UAA,,Rent Review,2025-04-04,2026-08-04,Pending,SW4,Regulated,Flat PB,Tenanted,Include,No,
317373025,a1G4J00000262rmUAA,,Rent Review,2025-12-25,2026-04-25,Pending,SW4,Regulated,Flat PB,Tenanted,Include,No,
317373028,a1G4J00000262nHUAQ,,Rent Review,2026-04-28,2026-08-28,Pending,SW4,Regulated,Flat PB,Tenanted,Include,No,
317373030,a1G4J00000262rwUAA,,Rent Review,2025-12-25,2026-04-25,Pending,SW4,Regulated,Flat PB,Tenanted,Include,No,
317373031,a1G4J00000262s1UAA,,Rent Review,2025-12-15,2026-04-15,Pending,SW4,Regulated,Flat PB,Tenanted,Include,No,
317373032,a1G4J00000262s6UAA,,Rent Review,2026-04-04,2026-08-04,Pending,SW4,Regulated,Flat PB,Tenanted,Include,No,
317373034,a1G4J00000262sGUAQ,,Rent Review,2025-12-25,2026-04-25,Pending,SW4,Regulated,Flat PB,Tenanted,Include,No,
317383001,a1G4J00000262hhUAA,,Rent Review,2026-02-05,2026-06-05,Pending,SW4,Regulated,Flat PB,Tenanted,Include,No,
317383010,a1G4J00000262jEUAQ,,Rent Review,2025-12-07,2026-04-07,Pending,SW4,Regulated,Flat PB,Tenanted,Include,No,
317383015,a1G4J00000262k7UAA,,Rent Review,2025-12-07,2026-04-07,Pending,SW4,Regulated,Flat PB,Tenanted,Include,No,
317383018,a1G4J00000260b4UAA,,Rent Review,2025-12-15,2026-04-15,Pending,SW4,Regulated,Flat PB,Tenanted,Include,No,
317384006,a1G4J00000262iQUAQ,,Rent Review,2026-12-20,2027-04-20,Pending,SW4,Regulated,Flat PB,Tenanted,Include,No,
317384011,a1G4J00000262jOUAQ,,Rent Review,2025-12-10,2026-04-10,Pending,SW4,Regulated,Flat PB,Tenanted,Include,No,
317384014,a1G4J00000262jxUAA,,Rent Review,2025-12-07,2026-04-07,Pending,SW4,Regulated,Flat PB,Tenanted,Include,No,
317385011,a1G4J00000262nkUAA,,Rent Review,2026-04-03,2026-08-03,Pending,SW4,Regulated,Flat PB,Tenanted,Include,No,
317385014,a1G4J00000262oTUAQ,,Rent Review,2025-12-25,2026-04-25,Pending,SW4,Regulated,Flat PB,Tenanted,Include,No,
317385016,a1G4J00000262p2UAA,,Rent Review,2025-12-25,2026-04-25,Pending,SW4,Regulated,Flat PB,Tenanted,Include,No,
317385022,a1G4J00000262q0UAA,,Rent Review,2025-12-25,2026-04-25,Pending,SW4,Regulated,Flat PB,Tenanted,Include,No,
317385023,a1G4J00000262qAUAQ,,Rent Review,2025-12-25,2026-04-25,Pending,SW4,Regulated,Flat PB,Tenanted,Include,No,
317387003,a1G4J00000262mDUAQ,,Rent Review,2026-04-03,2026-08-03,Pending,SW4,Regulated,Flat PB,Tenanted,Include,No,
317463007,a1G4J00000262leUAA,,Rent Review,2026-01-28,2026-05-28,Pending,SW4,Regulated,Flat PB,Tenanted,Include,No,
317463015,a1G4J00000262mhUAA,,Rent Review,2025-12-29,2026-04-29,Pending,SW4,Regulated,Flat PB,Tenanted,Include,No,
317464012,a1G4J00000262q5UAA,,Rent Review,2026-01-28,2026-05-28,Pending,SW4,Regulated,Flat PB,Tenanted,Include,No,
317464013,a1G4J00000262qKUAQ,,Rent Review,2025-12-29,2026-04-29,Pending,SW4,Regulated,Flat PB,Tenanted,Include,No,
317466003,a1G4J00000262iVUAQ,,Rent Review,2025-12-28,2026-04-28,Pending,SW4,Regulated,Flat PB,Tenanted,Include,No,
317468002,a1G4J00000262jJUAQ,,Rent Review,2025-06-26,2025-10-26,Active,AD5,Regulated,Flat PB,Tenanted,Include,No,
317468005,a1G4J00000262gpUAA,,Rent Review,2025-12-25,2026-04-25,Pending,SW4,Regulated,Flat PB,Tenanted,Include,No,
317469003,a1G4J00000262mNUAQ,,Rent Review,2026-02-17,2026-06-17,Pending,SW4,Regulated,Flat PB,Tenanted,Include,No,
317472001,a1G4J00000260bOUAQ,,Rent Review,2025-12-14,2026-04-14,Pending,SW4,Regulated,Flat PB,Tenanted,Include,No,
317475005,a1G4J00000260dZUAQ,,Rent Review,2025-12-08,2026-04-08,Pending,SW4,Regulated,Flat PB,Tenanted,Include,No,
317477001,a1G4J00000262tEUAQ,,Rent Review,2025-12-14,2026-04-14,Pending,SW4,Regulated,Flat PB,Tenanted,Include,No,
317477002,a1G4J00000262tJUAQ,,Rent Review,2025-12-08,2026-04-08,Pending,SW4,Regulated,Flat PB,Tenanted,Include,No,
317477003,a1G4J00000262tOUAQ,,Rent Review,2025-12-08,2026-04-08,Pending,SW4,Regulated,Flat PB,Tenanted,Include,No,
317478003,a1G4J00000260bdUAA,,Rent Review,2025-12-08,2026-04-08,Pending,SW4,Regulated,Flat PB,Tenanted,Include,No,
317481001,a1G4J00000262wXUAQ,,Rent Review,2026-02-17,2026-06-17,Pending,SW4,Regulated,Flat PB,Tenanted,Include,No,
317538001,a1G4J00000262tYUAQ,,Rent Review,2026-11-23,2027-03-23,Pending,SW4,Regulated,S/D House,Tenanted,Include,No,
317544001,a1G4J00000262miUAA,,Rent Review,2025-05-01,2025-09-01,InProgress,DS4,Regulated,S/D House,Tenanted,Include,No,
317549001,a1G4J00000262oFUAQ,,Rent Review,2026-11-23,2027-03-23,Pending,SW4,Regulated,S/D House,Tenanted,Include,No,
317557001,a1G4J00000262ydUAA,,Rent Review,2025-12-09,2026-04-09,Pending,SW4,Regulated,S/D House,Tenanted,Include,No,
317565002,a1G4J00000262vKUAQ,,Rent Review,2025-12-28,2026-04-28,Pending,SW4,Regulated,Flat PB,Tenanted,Include,No,
317567002,a1G4J00000262uvUAA,,Rent Review,2026-11-23,2027-03-23,Pending,SW4,Regulated,Flat PB,Tenanted,Include,No,
317582002,a1G4J00000262ulUAA,,Rent Review,2025-12-25,2026-04-25,Pending,SW4,Regulated,Flat PB,Tenanted,Include,No,
317583002,a1G4J00000262vPUAQ,,Rent Review,2025-12-25,2026-04-25,Pending,SW4,Regulated,Flat PB,Tenanted,Include,No,
317585005,a1G4J000002633nUAA,,Rent Review,2025-12-07,2026-04-07,Pending,SW4,Regulated,Flat PB,Tenanted,Include,No,
317585007,a1G4J000002630pUAA,,Rent Review,2025-12-07,2026-04-07,Pending,SW4,Regulated,Flat PB,Tenanted,Include,No,
317585023,a1G4J000002634lUAA,,Rent Review,2025-11-24,2026-03-24,Pending,SW4,Regulated,Flat PB,Tenanted,Include,No,
317585034,a1G4J00000262msUAA,,Rent Review,2025-12-07,2026-04-07,Pending,SW4,Regulated,Flat PB,Tenanted,Include,No,
317585037,a1G4J000002635KUAQ,,Rent Review,2026-04-04,2026-08-04,Pending,SW4,Regulated,Studio,Tenanted,Include,No,
317628003,a1G4J00000262z7UAA,,Rent Review,2025-12-25,2026-04-25,Pending,SW4,Regulated,Flat PB,Tenanted,Include,No,
317628007,a1G4J00000262zlUAA,,Rent Review,2025-12-25,2026-04-25,Pending,SW4,Regulated,Flat PB,Tenanted,Include,No,
317628010,a1G4J00000260cCUAQ,,Rent Review,2025-12-25,2026-04-25,Pending,SW4,Regulated,Flat PB,Tenanted,Include,No,
317628012,a1G4J00000260cMUAQ,,Rent Review,2025-12-17,2026-04-17,Pending,SW4,Regulated,Flat PB,Tenanted,Include,No,
317628013,a1G4J00000260cRUAQ,,Rent Review,2026-06-12,2026-10-12,Pending,SW4,Regulated,Flat PB,Tenanted,Include,No,
317628014,a1G4J000002630oUAA,,Rent Review,2025-12-25,2026-04-25,Pending,SW4,Regulated,Flat PB,Tenanted,Include,No,
317629003,a1G4J00000262zRUAQ,,Rent Review,2025-12-04,2026-04-04,Pending,SW4,Regulated,Flat PB,Tenanted,Include,No,
317629015,a1G4J000002631SUAQ,,Rent Review,2025-12-02,2026-04-02,Pending,SW4,Regulated,Flat PB,Tenanted,Include,No,
317629017,a1G4J000002631hUAA,,Rent Review,2025-12-04,2026-04-04,Pending,SW4,Regulated,Flat PB,Tenanted,Include,No,
317629020,a1G4J000002631rUAA,,Rent Review,2026-03-19,2026-07-19,Pending,SW4,Regulated,Flat PB,Tenanted,Include,No,
317629022,a1G4J0000026326UAA,,Rent Review,2025-12-09,2026-04-09,Pending,SW4,Regulated,Flat PB,Tenanted,Include,No,
317629023,a1G4J000002632BUAQ,,Rent Review,2025-12-09,2026-04-09,Pending,SW4,Regulated,Flat PB,Tenanted,Include,No,
317630003,a1G4J00000260cqUAA,,Rent Review,2026-04-04,2026-08-04,Pending,SW4,Regulated,Flat PB,Tenanted,Include,No,
317630006,a1G4J00000262zbUAA,,Rent Review,2026-04-03,2026-08-03,Pending,SW4,Regulated,Flat PB,Tenanted,Include,No,
317630010,a1G4J00000260d5UAA,,Rent Review,2025-12-10,2026-04-10,Pending,SW4,Regulated,Flat PB,Tenanted,Include,No,
317630015,a1G4J0000026313UAA,,Rent Review,2025-12-10,2026-04-10,Pending,SW4,Regulated,Flat PB,Tenanted,Include,No,
317630016,a1G4J000002631IUAQ,,Rent Review,2025-12-17,2026-04-17,Pending,SW4,Regulated,Flat PB,Tenanted,Include,No,
317630018,a1G4J00000260dKUAQ,,Rent Review,2026-04-04,2026-08-04,Pending,SW4,Regulated,Flat PB,Tenanted,Include,No,
317630020,a1G4J00000262hdUAA,,Rent Review,2025-12-10,2026-04-10,Pending,SW4,Regulated,Flat PB,Tenanted,Include,No,
317630021,a1G4J00000260d0UAA,,Rent Review,2025-12-10,2026-04-10,Pending,SW4,Regulated,Flat PB,Tenanted,Include,No,
317633004,a1G4J00000260cgUAA,,Rent Review,2025-12-28,2026-04-28,Pending,SW4,Regulated,Flat PB,Tenanted,Include,No,
317635001,a1G4J00000262xQUAQ,,Rent Review,2025-12-28,2026-04-28,Pending,SW4,Regulated,Flat PB,Tenanted,Include,No,
317635003,a1G4J00000262xfUAA,,Rent Review,2025-12-28,2026-04-28,Pending,SW4,Regulated,Flat PB,Tenanted,Include,No,
317636004,a1G4J00000262xGUAQ,,Rent Review,2026-04-03,2026-08-03,Pending,SW4,Regulated,Flat PB,Tenanted,Include,No,
317637003,a1G4J00000262xuUAA,,Rent Review,2025-12-28,2026-04-28,Pending,SW4,Regulated,Flat PB,Tenanted,Include,No,
317637004,a1G4J00000260cWUAQ,,Rent Review,2025-12-28,2026-04-28,Pending,SW4,Regulated,Flat PB,Tenanted,Include,No,
317638001,a1G4J00000260cHUAQ,,Rent Review,2026-04-03,2026-08-03,Pending,SW4,Regulated,Flat PB,Tenanted,Include,No,
317638003,a1G4J00000262xpUAA,,Rent Review,2026-04-03,2026-08-03,Pending,SW4,Regulated,Flat PB,Tenanted,Include,No,
317639001,a1G4J00000262whUAA,,Rent Review,2025-12-28,2026-04-28,Pending,SW4,Regulated,Flat PB,Tenanted,Include,No,
317640001,a1G4J00000262svUAA,,Rent Review,2026-04-25,2026-08-25,Pending,SW4,Regulated,Flat PB,Tenanted,Include,No,
317640003,a1G4J00000260agUAA,,Rent Review,2026-04-25,2026-08-25,Pending,SW4,Regulated,Flat PB,Tenanted,Include,No,
317665001,a1G4J0000025yO3UAI,,Rent Review,2026-12-11,2027-03-11,Pending,SW4,Regulated,Flat PB,Tenanted,Include,No,
317665013,a1G4J0000025ycgUAA,,Rent Review,2027-01-10,2027-05-10,Pending,SW4,Regulated,Flat PB,Tenanted,Include,No,
317665015,a1G4J0000025yggUAA,,Rent Review,2025-12-30,2026-04-30,Pending,SW4,Regulated,Flat PB,Tenanted,Include,No,
317665017,a1G4J0000025yjTUAQ,,Rent Review,2025-12-23,2026-04-23,Pending,SW4,Regulated,Flat PB,Tenanted,Include,No,
317665019,a1G4J0000025yKlUAI,,Rent Review,2025-12-23,2026-04-23,Pending,SW4,Regulated,Flat PB,Tenanted,Include,No,
317666007,a1G4J0000025ym8UAA,,Rent Review,2025-12-30,2026-04-30,Pending,SW4,Regulated,Flat PB,Tenanted,Include,No,
317666013,a1G4J0000025yJCUAY,,Rent Review,2025-12-20,2026-04-20,Pending,SW4,Regulated,Flat PB,Tenanted,Include,No,
317666014,a1G4J0000025ylBUAQ,,Rent Review,2027-01-18,2027-05-18,Pending,SW4,Regulated,Flat PB,Tenanted,Include,No,
317666016,a1G4J0000025yhAUAQ,,Rent Review,2025-12-30,2026-04-30,Pending,SW4,Regulated,Flat PB,Tenanted,Include,No,
317667005,a1G4J0000025ydDUAQ,,Rent Review,2025-12-30,2026-04-30,Pending,SW4,Regulated,Flat PB,Tenanted,Include,No,
317674001,a1G4J0000025yZWUAY,,Rent Review,2025-12-09,2026-04-09,Pending,SW4,Regulated,Flat PB,Tenanted,Include,No,
317674006,a1G4J0000025yT7UAI,,Rent Review,2026-04-03,2026-08-03,Pending,SW4,Regulated,Flat PB,Tenanted,Include,No,
317676002,a1G4J0000025xyjUAA,,Rent Review,2026-04-12,2026-08-12,Pending,SW4,Regulated,Flat PB,Tenanted,Include,No,
317676020,a1G4J0000025ygtUAA,,Rent Review,2026-08-17,2026-12-17,Pending,SW4,Regulated,Flat PB,Tenanted,Include,No,
317678011,a1G4J0000025ykHUAQ,,Rent Review,2026-01-10,2026-05-10,Pending,SW4,Regulated,Flat PB,Tenanted,Include,No,
317680009,a1G4J0000025yZzUAI,,Rent Review,2026-02-03,2026-06-03,Pending,SW4,Regulated,Flat PB,Tenanted,Include,No,
317680010,a1G4J0000025ybpUAA,,Rent Review,2026-04-12,2026-08-12,Pending,SW4,Regulated,Flat PB,Tenanted,Include,No,
317681004,a1G4J0000025yJ4UAI,,Rent Review,2025-12-23,2026-04-23,Pending,SW4,Regulated,Flat PB,Tenanted,Include,No,
317688001,a1G4J0000025ydwUAA,,Rent Review,2026-07-20,2026-11-20,Pending,SR1,Regulated,Flat PB,Tenanted,Include,No,
317690001,a1G4J0000025yhDUAQ,,Rent Review,2025-11-08,2026-03-08,Pending,SR1,Regulated,Mid Terrace,Tenanted,Include,No,
317694001,a1G4J0000025yiHUAQ,,Rent Review,2025-08-23,2025-12-23,Active,SR1,Regulated,Flat PB,Tenanted,Include,No,
317695001,a1G4J0000025yRlUAI,,Rent Review,2026-05-30,2026-09-30,Pending,SR1,Regulated,Flat PB,Tenanted,Include,No,
317696001,a1G4J0000025yGZUAY,,Rent Review,2027-01-20,2027-05-20,Pending,SR1,Regulated,End Terrace,Tenanted,Include,No,
317699001,a1G4J0000025xgSUAQ,,Rent Review,2027-01-16,2027-05-16,Pending,SR1,Regulated,Mid Terrace,Solic.Instrct,Include,No,
317701001,a1G4J000002633iUAA,,Rent Review,2026-06-09,2026-10-09,Pending,SR1,Regulated,Flat PB,Tenanted,Include,No,
317703001,a1G4J0000025y0SUAQ,,Rent Review,2026-03-19,2026-07-19,Pending,SR1,Regulated,Flat PB,Tenanted,Include,No,
317707001,a1G4J0000025y2dUAA,,Rent Review,2026-12-15,2027-04-15,Pending,SR1,Regulated,Mid Terrace,Tenanted,Include,No,
317709001,a1G4J0000025xTcUAI,,Rent Review,2025-02-22,2025-07-22,InProgress,SR1,Regulated,Flat PB,Tenanted,Include,No,
317716001,a1G4J0000025xvVUAQ,,Rent Review,2026-08-03,2026-12-03,Pending,SR1,Regulated,Mid Terrace,Tenanted,Include,No,
317718001,a1G4J0000025y19UAA,,Rent Review,2026-08-29,2026-12-29,Pending,SR1,Regulated,Mid Terrace,Tenanted,Include,No,
317721001,a1G4J0000025xaKUAQ,,Rent Review,2026-11-05,2027-03-05,Pending,SR1,Regulated,Flat PB,Tenanted,Include,No,
317722001,a1G4J0000025y9pUAA,,Rent Review,2025-09-29,2026-01-29,Active,SR1,Regulated,Flat PB,Tenanted,Include,No,
317727001,a1G4J0000025y7VUAQ,,Rent Review,2025-03-31,2025-07-31,InProgress,SR1,Regulated,Mid Terrace,Tenanted,Include,No,
317728001,a1G4J0000025y7fUAA,,Rent Review,2025-11-05,2026-03-05,Pending,SR1,Regulated,Flat PB,Tenanted,Include,No,
317730001,a1G4J0000025yBMUAY,,Rent Review,2026-07-19,2026-11-19,Pending,SR1,Regulated,Mid Terrace,Tenanted,Include,No,
317733001,a1G4J0000025yB2UAI,,Rent Review,2026-08-20,2026-12-20,Pending,SR1,Regulated,Flat PB,Tenanted,Include,No,
317742001,a1G4J0000025yDIUAY,,Rent Review,2025-11-01,2026-03-01,Pending,SR1,Regulated,Flat PB,Tenanted,Include,No,
317764001,a1G4J0000025yG0UAI,,Rent Review,2025-09-13,2026-01-13,Active,SR1,Regulated,S/D House,Tenanted,Include,No,
317773001,a1G4J0000025yAHUAY,,Rent Review,2025-09-30,2026-01-31,Pending,SR1,Regulated,Flat PB,Tenanted,Include,No,
317774001,a1G4J0000025yiCUAQ,,Rent Review,2026-06-17,2026-10-17,Pending,SR1,Regulated,Flat PB,Tenanted,Include,No,
317797001,a1G4J0000025yGBUAY,,Rent Review,2026-07-21,2026-11-21,Pending,SR1,Regulated,Flat Conv.,Tenanted,Include,No,
317797002,a1G4J0000025ybuUAA,,Rent Review,2026-06-04,2026-10-04,Pending,SR1,Regulated,Flat Conv.,Tenanted,Include,No,
317797003,a1G4J0000025yqZUAQ,,Rent Review,2026-07-14,2026-11-14,Pending,SR1,Regulated,Flat Conv.,Tenanted,Include,No,
317799001,a1G4J0000025yoDUAQ,,Rent Review,2025-06-03,2025-10-03,Active,SR1,Regulated,Maisonette,Tenanted,Include,No,
317800001,a1G4J0000025yWTUAY,,Rent Review,2021-08-05,2021-12-05,In Dispute,NR1,Regulated,Flat PB,Tenanted,Include,No,
317801001,a1G4J0000025yrDUAQ,,Rent Review,2026-10-03,2027-02-03,Pending,SR1,Regulated,Flat PB,Tenanted,Include,No,
317806001,a1G4J0000025yoeUAA,,Rent Review,2026-09-16,2027-01-16,Pending,SR1,Regulated,S/D House,Tenanted,Include,No,
317809001,a1G4J0000025xIBUAY,,Rent Review,2025-04-16,2025-08-16,InProgress,SR1,Regulated,Det House,Tenanted,Include,No,
317816001,a1G4J0000025ymCUAQ,,Rent Review,2026-07-16,2026-11-16,Pending,NDX,Regulated,Mid Terrace,Tenanted,Include,No,
317817001,a1G4J0000025yiyUAA,,Rent Review,2025-10-04,2026-02-04,Active,SR1,Regulated,Flat PB,Tenanted,Include,No,
317818001,a1G4J0000025ynXUAQ,,Rent Review,2025-09-08,2026-01-08,Pending,SR1,Regulated,Mid Terrace,Tenanted,Include,No,
317825001,a1G4J0000025yPGUAY,,Rent Review,2026-06-13,2026-10-13,Pending,SR1,Regulated,Mid Terrace,Tenanted,Include,No,
317831001,a1G4J0000025ywoUAA,,Rent Review,2025-05-04,2025-09-04,Active,SR1,Regulated,Flat PB,Tenanted,Include,No,
317833001,a1G4J0000025yPFUAY,,Rent Review,2026-12-19,2027-04-19,Pending,SR1,Regulated,S/D House,Tenanted,Include,No,
317840001,a1G4J0000025yzIUAQ,,Rent Review,2026-02-25,2026-06-25,Pending,SR1,Regulated,End Terrace,Tenanted,Include,No,
317843001,a1G4J0000025z1rUAA,,Rent Review,2025-06-23,2025-10-23,Active,SR1,Regulated,Flat PB,Tenanted,Include,No,
317844001,a1G4J0000025yRqUAI,,Rent Review,2026-02-28,2026-06-28,Pending,SR1,Regulated,Flat PB,Tenanted,Include,No,
317847001,a1G4J0000025yytUAA,,Rent Review,2026-03-27,2026-07-27,Pending,SR1,Regulated,S/D House,Tenanted,Include,No,
317850001,a1G4J0000025z3xUAA,,Rent Review,2025-04-01,2025-08-01,InProgress,SR1,Regulated,Mid Terrace,Tenanted,Include,No,
317858001,a1G4J0000025y8MUAQ,,Rent Review,2026-12-27,2027-04-27,Pending,RTX,Regulated,S/D House,Tenanted,Include,No,
317868001,a1G4J0000025z07UAA,,Rent Review,2026-12-19,2027-04-19,Pending,RTX,Regulated,S/D House,Tenanted,Include,No,
317877001,a1G4J0000025yxWUAQ,,Rent Review,2025-03-08,2025-07-08,InProgress,RTX,Regulated,S/D House,Tenanted,Include,No,
317892001,a1G4J0000025yxgUAA,,Rent Review,2026-12-19,2027-04-19,Pending,RTX,Regulated,S/D House,Tenanted,Include,No,
317909001,a1G4J0000025yxiUAA,,Rent Review,2025-12-27,2026-04-27,Pending,RTX,Regulated,S/D House,Tenanted,Include,No,
317911001,a1G4J0000025z9sUAA,,Rent Review,2026-12-27,2027-04-27,Pending,RTX,Regulated,End Terrace,Tenanted,Include,No,
317915001,a1G4J0000025z5GUAQ,,Rent Review,2026-12-27,2027-04-27,Pending,RTX,Regulated,Mid Terrace,Tenanted,Include,No,
317917001,a1G4J0000025z6LUAQ,,Rent Review,2026-12-19,2027-04-19,Pending,RTX,Regulated,S/D House,Tenanted,Include,No,
317923008,a1G4J0000025wZkUAI,,Rent Review,2026-06-22,2026-10-22,Pending,RTX,Regulated,Flat PB,Tenanted,Include,No,
317923009,a1G4J0000025zBOUAY,,Rent Review,2027-01-11,2027-05-11,Pending,RTX,Regulated,Flat PB,Tenanted,Include,No,
317933001,a1G4J0000025yupUAA,,Rent Review,2026-12-22,2027-04-22,Pending,RTX,Regulated,Mid Terrace,Tenanted,Include,No,
317938001,a1G4J0000025z8uUAA,,Rent Review,2026-12-22,2027-04-22,Pending,RTX,Regulated,Mid Terrace,Tenanted,Include,No,
317941001,a1G4J0000025yzYUAQ,,Rent Review,2025-05-04,2025-09-04,InProgress,RTX,Regulated,End Terrace,Tenanted,Include,No,
317971001,a1G4J0000025zHvUAI,,Rent Review,2027-01-11,2027-05-11,Pending,RTX,Regulated,S/D House,Tenanted,Include,No,
317976001,a1G4J0000025zHbUAI,,Rent Review,2026-12-27,2027-04-27,Pending,RTX,Regulated,S/D House,Tenanted,Include,No,
317983001,a1G4J0000025zMSUAY,,Rent Review,2027-01-11,2027-05-11,Pending,RTX,Regulated,Mid Terrace,Tenanted,Include,No,
418564043,a1G4J0000025ztyUAA,,Rent Review,2026-02-04,2026-06-04,Pending,SW4,Regulated,Maisonette,Tenanted,Include,No,
418565014,a1G4J0000025zxbUAA,,Rent Review,2025-04-04,2025-08-04,InProgress,AD5,Regulated,Maisonette,Tenanted,Include,No,
418566001,a1G4J0000025zgMUAQ,,Rent Review,2025-03-21,2025-07-21,InProgress,DGX,Regulated,Mid Terrace,Tenanted,Include,No,
418566005,a1G4J0000025ziMUAQ,,Rent Review,2027-03-02,2027-07-02,Pending,DGX,Regulated,End Terrace,Tenanted,Include,No,
418566007,a1G4J0000025zXMUAY,,Rent Review,2026-06-15,2026-10-15,Pending,DGX,Regulated,Mid Terrace,Tenanted,Include,No,
418566010,a1G4J0000025zdxUAA,,Rent Review,2026-06-15,2026-10-15,Pending,DGX,Regulated,Mid Terrace,Tenanted,Include,No,
418566011,a1G4J0000025zPwUAI,,Rent Review,2025-07-09,2025-11-09,Active,DGX,Regulated,Mid Terrace,Tenanted,Include,No,
418566016,a1G4J0000025zeVUAQ,,Rent Review,2026-06-15,2026-10-15,Pending,DGX,Regulated,Mid Terrace,Tenanted,Include,No,
418569001,a1G4J0000025zOdUAI,,Rent Review,2026-03-06,2026-07-06,Pending,DGX,Regulated,Mid Terrace,Tenanted,Include,No,
418569002,a1G4J0000025zdgUAA,,Rent Review,2025-06-16,2025-10-16,Active,DGX,Regulated,Mid Terrace,Tenanted,Include,No,
418569003,a1G4J0000025z46UAA,,Rent Review,2025-10-26,2026-02-26,Pending,DGX,Regulated,End Terrace,Tenanted,Include,No,
418569004,a1G4J0000025zcUUAQ,,Rent Review,2025-04-18,2025-08-18,InProgress,DGX,Regulated,End Terrace,Tenanted,Include,No,
418569005,a1G4J0000025zL7UAI,,Rent Review,2025-03-18,2025-07-18,InProgress,DGX,Regulated,Mid Terrace,Tenanted,Include,No,
418569006,a1G4J0000025yArUAI,,Rent Review,2025-04-18,2025-08-18,Active,DGX,Regulated,Mid Terrace,Tenanted,Include,No,
418569007,a1G4J0000025zXLUAY,,Rent Review,2025-04-18,2025-08-18,Active,DGX,Regulated,Mid Terrace,Tenanted,Include,No,
418604001,a1G4J0000025zoAUAQ,,Rent Review,2026-07-16,2026-11-16,Pending,DGX,Regulated,Studio,Tenanted,Include,No,
418609001,a1G4J0000025znmUAA,,Rent Review,2027-02-10,2027-06-10,Pending,DGX,Regulated,Flat PB,Tenanted,Include,No,
418609002,a1G4J0000025zbOUAQ,,Rent Review,2027-03-10,2027-06-10,Pending,DGX,Regulated,Flat PB,Tenanted,Include,No,
418614004,a1G4J0000025zC7UAI,,Rent Review,2026-10-24,2027-02-24,Pending,DGX,Regulated,Flat PB,Tenanted,Include,No,
418615002,a1G4J0000025yftUAA,,Rent Review,2027-01-15,2027-05-15,Pending,DGX,Regulated,Flat PB,Tenanted,Include,No,
418617001,a1G4J0000025zmcUAA,,Rent Review,2025-05-26,2025-09-26,Active,DGX,Regulated,Studio,Tenanted,Include,No,
418621001,a1G4J0000025zkpUAA,,Rent Review,2025-10-25,2026-02-25,Pending,DGX,Regulated,Studio,Tenanted,Include,No,
418625001,a1G4J0000025z32UAA,,Rent Review,2025-10-25,2026-02-25,Pending,DGX,Regulated,Flat PB,Tenanted,Include,No,
418626001,a1G4J0000025zrTUAQ,,Rent Review,2025-06-11,2025-10-11,Active,AD5,Regulated,Flat PB,Contracts Xch,Include,No,
